Name,Intelligence,Strength,Speed,Durability,Power,Combat,Full name,Alignment,Gender,Race,Height (cm),Weight,Eye color,Hair color,Occupation
Abe Sapien,95,30,35,65,100,85,Abraham Sapien,good,Male,Icthyo Sapien, 191 cm, 65 kg,Blue,No Hair,Paranormal Investigator
Abin Sur,80,90,55,65,100,65,-,good,Male,Ungaran, 185 cm, 90 kg,Blue,No Hair,Green Lantern  former history professor
Abraxas,100,100,85,100,100,55,Abraxas,bad,Male,Cosmic Entity, 0 cm, 0 kg,Blue,Black,Dimensional destroyer
Absorbing Man,75,80,25,100,100,65,Carl Creel,bad,Male,Human, 193 cm, 122 kg,Blue,No Hair,Professional criminal; former professional boxer
Adam Monroe,85,10,15,100,100,65,-,good,Male,-, 0 cm, 0 kg,Blue,Blond,former samurai swordsman  former British mercenary commander  former soldier in the Confederate Army
Air-Walker,80,85,100,85,100,40,Gabriel Lan,bad,Male,-, 188 cm, 108 kg,Blue,White,Former starship captain  Herald of Galactus
Alex Mercer,80,80,45,90,100,50,Alexander J. Mercer,bad,Male,Human, 0 cm, 0 kg,-,-,-
Amazo,85,100,85,100,100,100,-,bad,Male,Android, 257 cm, 173 kg,Red,-,-
Angel,90,30,60,90,100,75,Liam,good,Male,Vampire, 0 cm, 0 kg,-,-,-
Angela,95,100,100,100,100,100,-,bad,Female,-, 0 cm, 0 kg,-,-,-
Anti-Monitor,95,100,50,100,100,90,-,bad,Male,God / Eternal, 61.0 meters, 0 kg,Yellow,No Hair,-
Anti-Venom,90,60,65,90,100,85,Edward Charles Allan Brock,-,Male,Symbiote, 229 cm, 358 kg,Blue,Blond,Vigilante; former journalist for the Daily Globe
Apocalypse,100,100,35,100,100,60,En Sabah Nur,bad,Male,Mutant, 213 cm, 135 kg,Red,Black,Student; formerly Conqueror; Scientist
Aquaman,95,85,80,80,100,80,Orin,good,Male,Atlantean, 185 cm, 146 kg,Blue,Blond,Protector of the Seas and Oceans  King of Poseidonis
Ardina,85,100,100,80,100,25,-,good,Female,Alien, 193 cm, 98 kg,White,Orange,-
Ares,90,100,75,100,100,100,-,neutral,Male,God / Eternal, 208 cm, 162 kg,Red,Black,God of Conflict  God of War
Atlas,85,80,25,100,100,50,Erik Stephan Josten,good,Male,Mutant, 183 cm, 101 kg,Brown,Red,Adventurer; former professional criminal  mercenary  dock worker  soldier
Azazel,80,15,50,95,100,80,-,bad,Male,Neyaphem, 183 cm, 67 kg,Yellow,Black,Leader of the Neyaphem
Ben 10,90,100,100,100,100,75,Benjamin Kirby Tennyson,good,Male,-, 0 cm, 0 kg,-,-,-
Beta Ray Bill,85,80,35,95,100,85,Beta Ray Bill (translation of his Korbinite name),good,Male,-, 201 cm, 216 kg,-,No Hair,Guardian of the Korbinite race
Beyonder,100,100,100,100,100,85,-,good,Male,God / Eternal, 0 cm, 0 kg,-,-,Former student
Big Barda,95,100,80,100,100,100,Barda Free,bad,Female,New God, 188 cm, 135 kg,Blue,Black,-
Binary,95,100,100,100,100,100,Carol Susan Jane Danvers,good,Female,-, 180 cm, 54 kg,Blue,Blond,Former National Aeronautics and Space Administration security Chief  former magazine editor  former freelance writer  former military intelligence officer.
Bishop,85,15,25,75,100,65,Lucas Bishop,good,Male,Mutant, 198 cm, 124 kg,Brown,No Hair,(current) Adventurer  (former) Commander in the XSE (Xavier's Security Enforcers)
Bizarro,75,95,100,100,100,85,Bizarro,neutral,Male,Bizarro, 191 cm, 155 kg,Black,Black,-
Black Adam,95,100,95,100,100,60,Teth-Adam,bad,Male,-, 191 cm, 113 kg,Brown,Black,-
Black Bolt,90,70,100,85,100,60,Blackagar Boltagon,good,Male,Inhuman, 188 cm, 95 kg,Blue,Black,King of the Inhumans
Black Flash,75,10,100,80,100,30,-,neutral,Male,God / Eternal, 0 cm, 0 kg,-,-,-
Bloodaxe,85,80,35,80,100,85,Jackie Lukus,bad,Female,Human, 218 cm, 495 kg,Blue,Brown,Architect  former vigilante
Blue Beetle III,80,35,60,80,100,30,Jaime Reyes,good,Male,Human, 0 cm, 0 kg,Brown,Black,Student
Bomb Queen,90,90,80,95,100,90,-,bad,Female,-, 0 cm, 0 kg,-,-,-
Booster Gold,85,85,45,70,100,40,Michael Jon Carter,good,Male,Human, 196 cm, 97 kg,Blue,Blond,Superhero  Founder  C.E.O & Chairman of Booster Gold International
Cable,95,50,25,60,100,80,Nathan Christopher Charles Summers Dayspring,good,Male,Mutant, 203 cm, 158 kg,Blue,White,(current) Adventurer  (former) freedom fighter  United States government agent  mercenary  combat instructor for X-Force
Captain Atom,95,95,85,90,100,80,Nathaniel Christopher Adam,good,Male,Human / Radiation, 193 cm, 90 kg,Blue,Silver,Former Soldier
Captain Marvel,95,90,75,95,100,90,Carol Susan Jane Danvers,good,Female,Human-Kree, 180 cm, 74 kg,Blue,Blond,Former National Aeronautics and Space Administration security Chief  former magazine editor  former freelance writer  former military intelligence officer.
Captain Planet,80,90,75,80,100,60,-,good,Male,God / Eternal, 0 cm, 0 kg,Red,Green,-
Captain Universe,95,95,95,95,100,85,-,good,-,God / Eternal, 0 cm, 0 kg,-,-,-
Century,95,80,55,65,100,100,-,good,Male,Alien, 201 cm, 97 kg,White,White,Tracker  adventurer
Cloak,85,10,50,65,100,60,Tyrone Johnson,good,Male,-, 226 cm, 70 kg,brown,black,Vigilante
Cyborg Superman,90,95,95,100,100,80,Henry Henshaw,bad,Male,Cyborg, 0 cm, 0 kg,Blue,Black,-
Darkseid,95,100,85,100,100,95,Uxas,bad,Male,New God, 267 cm, 817 kg,Red,No Hair,Dictator of Apokolips
Darth Maul,80,50,50,30,100,100,-,bad,Male,Dathomirian Zabrak, 170 cm, 0 kg,Yellow / Red,-,-
Darth Vader,85,50,35,35,100,100,Anakin Skywalker,bad,Male,Cyborg, 198 cm, 135 kg,Yellow,No Hair,Sith Lord  Supreme Commander of the Imperial Fleet
Dazzler,85,10,35,60,100,55,Alison Blaire,good,Female,Mutant, 173 cm, 52 kg,Blue,Blond,Adventurer  singer  former actress  model  revolutionary
Deadman,80,10,35,100,100,45,Boston Brand,good,Male,Human, 183 cm, 90 kg,Blue,Black,Wandering Spirit  Former Circus Aerialist
Deadpool,85,35,50,100,100,100,Wade Winston Wilson,neutral,Male,Mutant, 188 cm, 95 kg,Brown,No Hair,Mercenary; former enforcer  government operative  sumo wrestler  soldier  assassin  anti-hero  others
Doctor Doom,100,35,20,100,100,85,Victor von Doom,bad,Male,Human, 201 cm, 187 kg,Brown,Brown,Monarch
Doctor Fate,95,20,25,80,100,50,Kent Nelson,good,Male,Human, 188 cm, 89 kg,Blue,Blond,-
Doctor Strange,100,10,15,85,100,60,Stephen Vincent Strange,good,Male,Human, 188 cm, 81 kg,Grey,Black,Sorcerer Supreme  retired neurosurgeon
Doomsday,90,100,70,100,100,90,Doomsday,bad,Male,Alien, 244 cm, 412 kg,Red,White,Destroyer
Dormammu,95,95,85,100,100,80,Dormammu,bad,Male,-, 185 cm, 0 kg,Yellow,No Hair,Despot  conqueror
Dr Manhattan,100,100,45,100,100,45,Jonathan Osterman,good,Male,Human / Cosmic, 0 cm, 0 kg,White,No Hair,Scientist
Emma Frost,90,65,35,90,100,45,Emma Frost,good,Female,-, 178 cm, 65 kg,Blue,Blond,-
Enchantress,85,15,25,60,100,40,-,good,Female,Human, 168 cm, 57 kg,Blue,Blond,Artist; Magician
Etrigan,80,85,20,100,100,50,Jason Blood,neutral,Male,Demon, 193 cm, 203 kg,Red,No Hair,-
Evil Deadpool,85,35,50,100,100,100,-,bad,Male,Mutant, 188 cm, 95 kg,White,Red,Mercenary  Assasin
Exodus,85,85,30,30,100,70,Bennet du Paris,bad,Male,Mutant, 183 cm, 88 kg,Blue,Black,Terrorist  would-be conqueror  Former leader of the Acolytes  Crusader
Fallen One II,95,85,85,100,100,60,-,bad,Male,-, 0 cm, 0 kg,Black,Blue,-
Faora,95,95,75,100,100,90,Faora Hu-Ul,bad,Female,Kryptonian, 0 cm, 0 kg,-,-,Serial killer
Firebird,75,10,40,15,100,45,Bonita Juarez,good,Female,-, 165 cm, 56 kg,Brown,Black,Social worker  adventurer
Firestorm,80,55,60,60,100,45,Jason Rusch,good,Male,-, 0 cm, 0 kg,Brown,Black,University student; former food server at Bryson's Family Treat; former mascot at Ho-Ho Charlie's Chicken Shack; former intern at S.T.A.R. Labs
Firestorm,75,80,60,80,100,40,Ronald Raymond,good,Male,Human, 188 cm, 91 kg,Blue,Auburn,Adventurer; former employee of Bun 'n Run
Flash II,95,50,100,60,100,60,Bartholomew Henry Allen,good,Male,Human, 183 cm, 88 kg,Blue,Blond,Forensic Scientist
Flash III,85,10,100,60,100,35,Wallace Rudolph West,good,Male,Human, 183 cm, 86 kg,-,-,Adventurer  Mechanic for the KCPD
Flash IV,85,10,100,35,100,50,Bartholomew Allen II,good,Male,Human, 157 cm, 52 kg,Yellow,Auburn,Police trainee
Franklin Richards,85,80,50,60,100,50,Franklin Benjamin Richards,good,Male,Mutant, 142 cm, 45 kg,Blue,Blond,Student
Galactus,100,100,85,100,100,50,Galan,neutral,Male,Cosmic Entity, 876 cm, 16 tons,Black,Black,Planet Devourer  Third Force of the Universe - balance between Eternity and Death  Nullifying Abraxas' Influence on the Multiverse  Third Face of the Living Tribunal - representing Equity
General Zod,100,100,100,100,100,95,Dru-Zod,bad,Male,Kryptonian, 0 cm, 0 kg,Black,Black,-
Ghost Rider,80,55,25,100,100,60,Jonathan Blaze,good,Male,Demon, 188 cm, 99 kg,Red,No Hair,Former stunt motorcyclist
Godzilla,75,100,55,100,100,20,-,bad,-,Kaiju, 108.0 meters, 90 000 tons,-,-,-
Goku,80,100,75,90,100,100,Kakarot,good,Male,Saiyan, 175 cm, 62 kg,-,-,-
Gorilla Grodd,95,55,35,70,100,65,Grodd,bad,Male,Gorilla, 198 cm, 270 kg,Yellow,Black,-
Green Lantern,85,90,50,60,100,60,-,good,Male,Human, 180 cm, 79 kg,Green,Black,Green Lantern  Adventurer  Artist
Green Lantern,85,80,25,90,100,35,Alan Ladd Wellington Scott,good,Male,-, 180 cm, 90 kg,Blue,Blond,-
Green Lantern,85,90,75,80,100,70,Harold Jordan,good,Male,Human, 188 cm, 90 kg,Brown,Brown,Adventurer  Air Force Test Pilot
Green Lantern,80,90,50,50,100,55,Jessica Viviana Cruz,good,Female,Human, 0 cm, 0 kg,Green,Brown,-
Green Lantern,80,90,45,55,100,60,-,good,Male,Human, 0 cm, 0 kg,Bown,Black,-
Green Lantern,80,85,45,65,100,65,John Stewart,good,Male,Human, 185 cm, 90 kg,Green,Black,Architect
Green Lantern,75,90,55,65,100,65,Guy Darrin Gardner,good,Male,Human-Vuldarian, 188 cm, 95 kg,Blue,Red,Former High School gym teacher; former bar owner; currently Honor guard of the Green Lantern Corps
Groot,90,85,35,70,100,65,Groot,good,Male,Flora Colossus, 701 cm, 4 tons,Yellow,-,-
Hancock,85,90,70,100,100,50,John Hancock,good,Male,Human, 188 cm, 0 kg,Brown,Black,-
Harry Potter,90,10,25,10,100,50,-,good,Male,Human, 0 cm, 0 kg,Green,Black,Head of the Department of Magical Law Enforcement[
Hawkgirl,80,30,55,100,100,75,Kendra Saunders,good,Female,-, 175 cm, 61 kg,Green,Red,Adventurer  Film School Student  Temp Curator of the Stonechat Museum
Hela,85,100,50,100,100,45,-,bad,Female,Asgardian, 213 cm, 225 kg,Green,Black,Asgardian Goddess of Death  former Ruler of Hel and Niffleheim
Hiro Nakamura,75,15,95,20,100,35,Hiro Nakamura,good,Male,-, 0 cm, 0 kg,-,-,Office worker
Hulk,95,100,65,100,100,85,Robert Bruce Banner,good,Male,Human / Radiation, 244 cm, 630 kg,Green,Green,Nuclear physicist  Agent of S.H.I.E.L.D.
Hybrid,85,65,60,75,100,80,-,good,Male,Symbiote, 175 cm, 77 kg,Brown,Black,-
Iceman,85,35,55,100,100,65,Robert Louis Drake,good,Male,Mutant, 173 cm, 65 kg,Brown,Brown,Adventurer  formerly teacher  accountant  student
Indigo,90,65,50,50,100,50,-,neutral,Female,Alien, 0 cm, 0 kg,-,Purple,Leader of the Indigo Tribe
Iron Man,100,85,60,85,100,65,Anthony Edward Stark,good,Male,Human, 198 cm, 191 kg,Blue,Black,Inventor  Industrialist; former United States Secretary of Defense
Jack-Jack,35,35,70,80,100,10,Jac-jack Parr,good,Male,Human, 71 cm, 14 kg,Blue,Brown,-
Jason Voorhees,85,35,25,100,100,50,-,bad,Male,Human, 191 cm, 113 kg,Brown,Red,-
Kang,100,50,60,70,100,70,Nathaniel Richards,bad,Male,-, 191 cm, 104 kg,Brown,Brown,-
Kevin 11,65,10,15,15,100,40,Kevin Ethan Levin,good,Male,Human, 0 cm, 0 kg,-,Black,-
Kilowog,95,90,55,45,100,80,-,good,Male,Bolovaxian, 234 cm, 324 kg,Red,No Hair,-
Kratos,80,95,65,95,100,100,-,good,Male,Demi-God, 198 cm, 108 kg,-,-,-
Kylo Ren,80,45,35,30,100,70,-,bad,Male,Human, 0 cm, 0 kg,-,-,-
Legion,80,100,45,30,100,75,David Charles Haller,good,Male,Mutant, 175 cm, 59 kg,Green / Blue,Black,Adventurer  Student
Living Tribunal,100,100,100,100,100,30,-,neutral,-,Cosmic Entity, 0 cm, 0 kg,Blue,No Hair,-
Lobo,100,100,55,100,100,85,-,neutral,Male,Czarnian, 229 cm, 288 kg,Red,Black,Assassin  Bounty Hunter  Priest
Loki,95,65,50,85,100,60,Loki Laufeyson,bad,Male,Asgardian, 193 cm, 236 kg,Green,Black,God of evil; former god of mischief and madness
Lucifer Morningstar,100,100,85,100,100,95,-,neutral,Male,God / Eternal, 178 cm, 79 kg,Amber,Blond,-
Luke Skywalker,85,40,45,25,100,100,Luke Skywalker,good,Male,Human, 168 cm, 77 kg,Blue,Blond,-
Magus,95,100,70,100,100,75,-,bad,Male,-, 183 cm, 0 kg,Black,-,Ruler of the Technarchy
Man of Miracles,100,100,100,100,100,100,-,-,-,God / Eternal, 0 cm, 0 kg,Blue,Silver,-
Mandarin,100,30,25,30,100,95,Khan,bad,Male,Human, 188 cm, 97 kg,Blue,White,Would-be conqueror; former janitor  businessman and crimelord  government administrator
Man-Thing,80,35,10,100,100,40,Dr. Theodore Sallis,good,Male,-, 213 cm, 225 kg,Red,No Hair,-
Mantis,85,10,35,80,100,80,-,good,Female,Human-Kree, 168 cm, 52 kg,Green,Black,Celestial Madonna  former adventuress  former bar-maid/prostitute/exotic dancer
Martian Manhunter,100,95,95,100,100,85,J'onn J'onzz,good,Male,Martian, 201 cm, 135 kg,Red,No Hair,-
Marvel Girl,85,85,50,45,100,80,Rachel Anne Summers,good,Female,-, 170 cm, 56 kg,Green,Red,Adventurer
Match,90,95,85,85,100,70,Kent Connor,bad,Male,-, 0 cm, 0 kg,Black,Black,-
Mephisto,95,85,35,95,100,45,-,bad,Male,-, 198 cm, 140 kg,White,Black,Lord of a realm of Hell
Metron,95,10,50,60,100,30,Metron,good,Male,-, 185 cm, 86 kg,Blue,Black,Scientist  seeker of knowledge
Miss Martian,85,85,60,100,100,45,M'gann M'orzz,good,Female,-, 178 cm, 61 kg,Red,Red,Adventurer
Mister Mxyzptlk,100,85,100,100,100,50,Mr. Mxyzptlk,bad,Male,God / Eternal, 0 cm, 0 kg,-,-,-
Mister Sinister,100,50,50,90,100,50,Dr. Nathaniel Essex,bad,Male,Human / Altered, 196 cm, 128 kg,Red,Black,Geneticist  Criminal  biologist and mutant-supremacist
Molecule Man,85,100,70,90,100,70,-,bad,Male,Human / Radiation, 170 cm, 63 kg,Blue,Brown,Megalomaniacal criminal; Former laboratory technician
Monarch,95,100,100,100,100,95,Nathaniel Christopher Adam,good,Male,-, 193 cm, 90 kg,Blue,White,Adventurer  former U.S. Special Agent  former U.S. Air Force Captain
Naruto Uzumaki,75,90,75,80,100,100,-,good,Male,Human, 178 cm, 54 kg,Blue,Yellow,7th Hokage (Konoha's village leader)
Nova,100,85,75,100,100,80,Richard Rider,good,Male,Human, 185 cm, 86 kg,Brown,Brown,Superhero  also works parttime at Marvel Burger
Nova,85,60,100,100,100,35,Frankie Raye,good,Female,Human / Cosmic, 163 cm, 59 kg,White,Red,-
Odin,100,85,70,95,100,90,-,good,Male,God / Eternal, 206 cm, 293 kg,Blue,White,Deity  Monarch of Asgard  Asgardian God of the Sky  Wind  Wisdom  Crafts  Time  and the Dead  Warrior
Offspring,80,10,35,100,100,60,Luke O'Brian,good,Male,-, 0 cm, 0 kg,-,-,-
One-Above-All,100,100,100,100,100,100,-,neutral,-,Cosmic Entity, 0 cm, 0 kg,-,-,-
Onslaught,95,100,35,100,100,55,Onslaught,bad,Male,Mutant, 305 cm, 405 kg,Red,No Hair,Would-be destroyer
Peter Petrelli,70,60,100,100,100,95,Peter Petrelli,good,Male,-, 0 cm, 0 kg,-,-,former home hospice nurse
Phantom Stranger,100,10,25,100,100,40,-,neutral,Male,Human, 188 cm, 83 kg,Black,Black,-
Phoenix,100,100,85,100,100,80,Jean Grey-Summers,good,Female,Mutant, 168 cm, 52 kg,Green,Red,Adventurer
Plastic Man,80,65,25,100,100,60,Patrick O'Brian,good,Male,Human, 185 cm, 80 kg,Blue,Black,Government Agent
Poison Ivy,95,15,30,70,100,70,Pamela Lillian Isley,bad,Female,Human, 168 cm, 50 kg,Green,Red,Criminal  Botanist
Polaris,85,75,45,50,100,45,Lorna Sally Dane,good,Female,Mutant, 170 cm, 52 kg,Green,Green,Adventurer  former U.S. government operative  former graduate student in geophysics
Power Girl,100,100,100,100,100,75,Kara Zor-L,good,Female,Kryptonian, 180 cm, 81 kg,blue,blond,-
Predator,85,30,25,85,100,90,Yautja,bad,Male,Yautja, 213 cm, 234 kg,-,-,-
Professor X,100,10,15,15,100,35,Charles Francis Xavier,good,Male,Mutant, 183 cm, 86 kg,Blue,No Hair,Mutant leader  mutant rights activist  geneticist  teacher  adventurer  heir  formerly headmaster  soldier (US Army)
Psylocke,85,35,25,40,100,90,Elizabeth Braddock,good,Female,Mutant, 180 cm, 70 kg,Blue,Purple,Adventurer  formerly a STRIKE operative  fashion model
Q,100,15,20,100,100,40,-,-,Male,God / Eternal, 0 cm, 0 kg,-,-,-
Ray,80,10,95,100,100,20,Raymond C. Terrill,good,Male,Human, 178 cm, 70 kg,Green,Red,Freelance Computer Programmer and Software Designer
Red Tornado,90,40,70,60,100,40,John Smith,good,Male,Android, 185 cm, 146 kg,Green,No Hair,-
Rip Hunter,100,10,10,10,100,25,-,good,Male,Human, 0 cm, 0 kg,Blue,Blond,-
Sandman,80,75,50,95,100,60,-,neutral,Male,Human, 185 cm, 203 kg,Brown,Brown,Professional Criminal
Sauron,95,85,35,100,100,70,-,bad,Male,Maiar, 279 cm, 0 kg,-,-,-
Scarlet Witch,100,10,30,70,100,80,Wanda Maximoff,bad,Female,Mutant, 170 cm, 59 kg,Blue,Brown,Adventurer; formerly witchcraft tutor  housewife  terrorist
Sentry,90,100,100,100,100,45,Robert Reynolds,good,Male,Human, 188 cm, 87 kg,Blue,Blond,-
Shadow King,90,15,30,100,100,75,Amahl Farouk,good,-,-, 185 cm, 149 kg,Red,-,-
Shazam,95,100,90,95,100,75,William Joseph Batson,good,Male,Human, 193 cm, 101 kg,Blue,Black,-
She-Ra,90,100,45,70,100,70,-,good,Female,Human, 0 cm, 0 kg,-,-,-
Sif,85,90,70,80,100,70,Sif,good,Female,Asgardian, 188 cm, 191 kg,Blue,Black,-
Silver Surfer,80,100,100,90,100,35,Norrin Radd,good,Male,Alien, 193 cm, 101 kg,White,No Hair,Adventurer  formerly Galactus' Herald
Sinestro,90,85,55,65,100,55,Thaal Sinestro,neutral,Male,Korugaran, 201 cm, 92 kg,Black,Black,-
Spawn,90,75,50,100,100,100,Al Simmons,good,Male,Demon, 211 cm, 405 kg,Brown,Black,-
Spectre,95,100,100,100,100,70,-,good,Male,God / Eternal, 0 cm, 0 kg,White,No Hair,-
Stardust,95,85,100,100,100,85,-,good,Male,-, 0 cm, 0 kg,-,-,Herald of Galactus
Steppenwolf,100,100,85,100,100,100,-,bad,Male,New God, 183 cm, 91 kg,Red,Black,-
Superboy-Prime,100,100,100,100,100,85,Kal-El,bad,Male,Kryptonian, 180 cm, 77 kg,Blue,Black / Blue,-
Supergirl,100,100,100,100,100,75,Kara Zor-El,good,Female,Kryptonian, 165 cm, 54 kg,Blue,Blond,Intern  Adventurer  Student  Crime-Fighter
Superman,100,100,100,100,100,85,Clark Joseph Kent (Kal-El),good,Male,Kryptonian, 191 cm, 101 kg,Blue,Black,Reporter for the Daily Planet and novelist
Surtur,95,100,60,100,100,80,-,bad,Male,God / Eternal, 304.8 meters, 0 kg,Yellow,Red,Monarch of Muspelheim
Swamp Thing,95,95,25,100,100,55,Alec Holland,bad,Male,God / Eternal, 0 cm, 0 kg,Red,No Hair,Planet Elemental  former Biochemist
T-1000,90,35,35,100,100,75,Cyberdyne Systems Series 1000 Terminator,bad,Male,Android, 183 cm, 146 kg,-,-,-
Thanos,100,100,35,100,100,80,Thanos,bad,Male,Eternal, 201 cm, 443 kg,Red,No Hair,Conqueror  worshiper of Death
Thanos (Infinity Gauntlet),100,100,35,100,100,80,-,bad,Male,Eternal, 201 cm, 443 kg,Red,No Hair,-
The Presence,100,100,100,100,100,100,-,neutral,Male,God / Eternal, 0 cm, 0 kg,-,-,-
Thor,85,100,85,100,100,100,Thor Odinson,good,Male,Asgardian, 198 cm, 288 kg,Blue,Blond,King of Asgard; formerly EMS Technician; Physician
Thor Girl,90,85,70,85,100,70,Tarene,good,Female,Asgardian, 175 cm, 143 kg,Blue,Blond,-
Toxin,90,80,45,85,100,70,Edward Charles Allan Brock,good,Male,Symbiote, 191 cm, 117 kg,Black,Blond,Vigilante; former symbiote hunter  shelter attendant  government operative  journalist for the Daily Globe
Trigon,95,100,85,100,100,80,-,bad,Male,God / Eternal, 0 cm, 0 kg,Yellow,Black,-
T-X,90,65,30,85,100,80,Cyberdyne Systems Series X Terminator,bad,Female,Cyborg, 0 cm, 149 kg,-,-,Assassin / Genesis Overseer
Ultron,95,85,45,100,100,65,Ultron,bad,Male,Android, 206 cm, 331 kg,Red,-,Mass murderer  scientist  would-be world conqueror  ruler of Phalanx
Vegeta,95,100,95,95,100,100,-,bad,Male,Saiyan, 168 cm, 73 kg,-,Black,-
Venompool,85,60,65,100,100,100,-,-,Male,Symbiote, 226 cm, 0 kg,-,-,Conqueror; Adventurer
Vibe,80,10,20,30,100,30,Francisco Paco Ramon,good,Male,Human, 178 cm, 71 kg,Brown,Black,-
Vision,100,75,55,95,100,70,Vision,good,Male,Android, 191 cm, 135 kg,Gold,No Hair,-
Vulcan,70,70,75,90,100,75,Gabriel Summers,good,Male,-, 0 cm, 0 kg,Black,Black,-
War Machine,85,80,65,100,100,85,James Rupert Rhodes,good,Male,Human, 185 cm, 95 kg,Brown,Brown,Initiative instructor  adventurer  government agent; formerly: Sentinel Squad O*N*E combat instructor  soldier  pilot
Watcher,100,80,70,90,100,60,Uatu,good,Male,-, 0 cm, 0 kg,-,-,-
Wonder Woman,95,100,80,100,100,100,Diana of Themyscira,good,Female,Amazon, 183 cm, 74 kg,Blue,Black,Adventurer  Emissary to the world of Man  Protector of Paradise Island; former Goddess of Truth
X-Man,95,55,55,95,100,85,Nate Grey,good,Male,-, 175 cm, 61 kg,Blue,Brown,Former shaman  adventurer  freedom fighter
Ymir,80,100,30,100,100,30,Ymir,good,Male,Frost Giant, 304.8 meters, 0 kg,White,No Hair,-
Yoda,95,55,35,25,100,90,Yoda,good,Male,Yoda's species, 66 cm, 17 kg,Brown,White,-
Zatanna,95,10,25,30,100,60,Zatanna Zatara,good,Female,Human, 170 cm, 57 kg,Blue,Black,-
Zoom,80,10,100,30,100,30,Hunter Zolomon,bad,Male,-, 185 cm, 81 kg,Red,Brown,-
Ariel,80,10,15,15,95,30,Ariel,good,Female,-, 165 cm, 59 kg,Purple,Pink,Leader  refugee alien; former alien mutant-hunter and hedonist
Aztar,95,95,95,95,95,90,Aztar,good,Male,-, 0 cm, 0 kg,-,-,-
Brother Voodoo,90,60,50,70,95,60,Jericho Drumm,good,Male,Human, 183 cm, 99 kg,Brown,Brown / White,Psychologist Houngan (voodoo priest)
Cannonball,80,30,70,100,95,60,Samuel Zachery Guthrie,good,Male,-, 183 cm, 81 kg,Blue,Blond,Adventurer  peacekeeper  former student  mercenary  miner
Captain Mar-vell,85,85,85,85,95,85,Mar-Vell,good,Male,-, 188 cm, 108 kg,Blue,Blond,"Captain in the Kree space fleet  later adventurer  later ""Protector of the Universe"""
Granny Goodness,100,100,90,100,95,100,-,bad,Female,-, 178 cm, 115 kg,Blue,White,-
Hope Summers,85,10,15,35,95,75,Hope Summers,good,Female,-, 168 cm, 48 kg,Green,Red,-
Invisible Woman,95,10,30,85,95,60,Susan Storm Richards,good,Female,Human / Radiation, 168 cm, 54 kg,blue,Blond,Member of the Fantastic Four  financial manager for Fantastic Four Inc  occasional model and actress
Iron Fist,90,55,35,50,95,100,Daniel Thomas Rand-K'ai,good,Male,Human, 180 cm, 79 kg,Blue,Blond,Adventurer; formerly co-owner of Rand-Meachum  Inc.  bodyguard  private investigator  research assistant  warrior
Jean Grey,100,80,25,20,95,70,Jean Grey-Summers,good,Female,Mutant, 168 cm, 52 kg,Green,Red,Adventurer
Magneto,95,80,30,85,95,80,Erik Magnus Lensherr,bad,Male,Mutant, 188 cm, 86 kg,Grey,White,Currently Revolutionary and Conqueror  formerly Volunteer Orderly  Secret Agent
Mera,80,65,80,60,95,80,-,good,Female,Atlantean, 175 cm, 72 kg,Blue,Red,Former queen of Atlantis; Former queen of Dimension Aqua
Metamorpho,70,85,70,95,95,80,Rex Mason,good,Male,-, 185 cm, 90 kg,Black,No Hair,Adventurer  former Soldier of Fortune
Misfit,85,35,25,80,95,45,Charlotte Gage-Radcliffe,good,Female,-, 0 cm, 0 kg,Blue,Red,-
Mogo,80,85,85,95,95,70,Mogo,good,Male,Planet, 0 cm, 0 kg,-,-,Green Lantern
Purple Man,80,10,10,30,95,10,Zebediah Killgrave,bad,Male,Human, 180 cm, 74 kg,Purple,Purple,Professional criminal  Megalomaniac  Former spy
Siren,80,65,80,60,95,60,Hila,bad,Female,Atlantean, 175 cm, 72 kg,Blue,Purple,-
Solomon Grundy,55,95,15,100,95,30,Cyrus Gold,bad,Male,Zombie, 279 cm, 437 kg,Black,White,-
Space Ghost,75,20,35,40,95,80,Thaddeus Bach,good,Male,Human, 188 cm, 113 kg,-,-,-
Superboy,90,95,85,90,95,60,Kon-El / Conner Kent,good,Male,-, 170 cm, 68 kg,Blue,Black,-
Weapon XI,80,65,65,100,95,100,Weapon XI,bad,Male,-, 0 cm, 0 kg,-,-,-
Aqualad,85,45,45,75,90,60,Garth,good,Male,Atlantean, 178 cm, 106 kg,Blue,Black,Adventurer; Magician  former Sidekick
Atom,90,95,75,95,90,85,Albert Pratt,good,Male,-, 178 cm, 68 kg,Blue,Red,Adventurer  Retired Professor of Nuclear Physics
Black Mamba,90,10,35,45,90,65,Tanya Sealy,bad,Female,-, 170 cm, 52 kg,Green,Black,Mercenary  professional criminal  former call girl
Blue Beetle,85,80,80,85,90,85,Daniel Garrett,good,Male,-, 0 cm, 0 kg,Blue,Brown,Archaeologist; professor of archaeology
Carnage,85,65,70,85,90,90,Cletus Kasady,bad,Male,Symbiote, 185 cm, 86 kg,Green,Red,-
Claire Bennet,75,10,15,100,90,30,Claire Bennet,good,Female,-, 0 cm, 0 kg,Blue,Blond,High school student  cheerleader
Garbage Man,80,90,65,90,90,85,Richard Ethan Morse,good,Male,Mutant, 0 cm, 0 kg,-,-,-
Hellstorm,80,65,60,75,90,65,Daimon Hellstrom,good,Male,-, 185 cm, 81 kg,Red,Red,Ruler of Hell  former Demonologist  occult investigator  exorcist and priest
Hercules,85,100,50,85,90,100,Heracles,good,Male,Demi-God, 196 cm, 146 kg,Blue,Brown,Adventurer  Olympian God of Strength and Labor  later Olympian God of Heroes
Human Torch,85,15,65,70,90,45,Jonathan Lowell Spencer Storm,good,Male,Human / Radiation, 178 cm, 77 kg,Blue,Blond,Adventurer
Hyperion,95,100,100,95,90,80,-,good,Male,Eternal, 183 cm, 207 kg,Blue,Red,Adventurer; (Formerly) Cartoonist  government agent
Jesse Quick,90,60,100,70,90,85,Jessica Belle Chambers,good,Female,Human, 0 cm, 0 kg,-,-,-
John Wraith,90,15,35,30,90,80,John Wraith,good,Male,-, 183 cm, 88 kg,Brown,Black,Former Spy  Government Operative  Mercenary  Soldier
King Shark,80,90,50,90,90,40,-,bad,Male,Animal, 0 cm, 0 kg,Black,No Hair,Professional Criminal
Metallo,90,55,25,95,90,65,John Corben,bad,Male,Android, 196 cm, 90 kg,Green,Brown,Professional criminal
Rey,85,10,25,10,90,35,-,good,Female,Human, 297 cm, 0 kg,Hazel,Brown,Scavenger
Saturn Girl,95,10,50,20,90,25,Imra Ardeen-Ranzz,good,Female,Titanian, 170 cm, 59 kg,Blue,Blond,-
Stargirl,85,80,50,90,90,70,Courtney Whitmore,good,Female,Human, 165 cm, 62 kg,Blue,Blond,-
Static,85,10,45,50,90,40,Virgil Ovid Hawkins,good,Male,Mutant, 170 cm, 63 kg,Brown,Black,Student
Storm,90,10,50,30,90,75,Ororo Munroe,good,Female,Mutant, 180 cm, 57 kg,Blue,White,Adventurer
Sunspot,85,65,35,25,90,70,Roberto DaCosta,good,Male,Mutant, 173 cm, 77 kg,brown,black,Adventurer  businessman
Tracy Strauss,80,55,65,95,90,60,Tracy Strauss,good,Female,-, 0 cm, 0 kg,-,-,Former aide to Senator Nathan Petrelli  Former Pinehearst consultant  former political adviser to Governor Robert Malden
Venom,90,60,65,85,90,85,Edward Charles Allan Brock,bad,Male,Symbiote, 191 cm, 117 kg,Blue,Strawberry Blond,Vigilante; former journalist for the Daily Globe  government operative
Wolverine,85,35,50,100,90,100,James Howlett,good,Male,Mutant, 160 cm, 135 kg,Blue,Black,Adventurer  instructor  former bartender  bouncer  spy  government operative  mercenary  soldier  sailor  miner
Ares,90,85,35,80,85,105,-,good,Male,-, 185 cm, 270 kg,Brown,Brown,-
Blizzard,75,75,60,70,85,65,-,bad,Male,-, 0 cm, 0 kg,-,-,-
Cat,90,85,80,90,85,80,Shirlee Bryant,good,Female,-, 173 cm, 61 kg,Blue,Blond,Model
Crimson Crusader,60,60,40,65,85,65,Rory Destine,good,Male,-, 0 cm, 0 kg,Blue,Strawberry Blond,-
Cy-Gor,60,100,75,90,85,70,-,bad,Male,-, 0 cm, 0 kg,-,-,-
Destroyer,80,95,60,100,85,70,-,bad,Male,-, 188 cm, 383 kg,-,-,-
Donna Troy,90,90,85,90,85,95,Donna Hinckley Stacey Troy,good,Female,Amazon, 175 cm, 63 kg,Blue,Black,-
Energy,80,80,85,80,85,75,-,good,Female,-, 0 cm, 0 kg,-,-,-
Evilhawk,80,35,35,70,85,65,Dargin Bokk,bad,Male,Alien, 191 cm, 106 kg,Red,Black,Crimelord
Frigga,75,80,50,85,85,65,Frigga,good,Female,-, 180 cm, 167 kg,Blue,White,Queen of Asgard  goddess of marriage
Ghost Rider II,70,85,95,85,85,90,Daniel Ketch,good,-,-, 0 cm, 0 kg,-,-,-
Hawkman,90,40,60,75,85,80,Carter Hall,good,Male,Alien, 185 cm, 88 kg,Blue,Brown,Adventurer
Hawkwoman,90,85,85,90,85,90,Shayera Hol,good,Female,-, 175 cm, 54 kg,Green,Red,-
Juggernaut,75,100,45,100,85,70,Cain Marko,neutral,Male,Human, 287 cm, 855 kg,Blue,Red,Adventurer formerly Professional criminal  mercenary  soldier
Junkpile,80,40,20,90,85,30,-,bad,Male,Mutant, 0 cm, 0 kg,-,-,Mercenary; Former member of S.H.I.E.L.D.
Krypto,55,80,100,90,85,40,Krypto the Superdog,good,Male,Kryptonian, 64 cm, 18 kg,Blue,White,-
Lyja,70,65,50,60,85,85,Lyja,good,Female,-, 0 cm, 0 kg,Green,Green,Former Skrull Liason Officer
Maxima,90,90,35,60,85,75,-,bad,Female,-, 180 cm, 72 kg,Brown,Red,Adventurer  Queen of the Almerac Empire
Mysterio,95,10,20,40,85,70,Quentin Beck,bad,Male,Human, 180 cm, 79 kg,Brown,No Hair,Criminal; former Hollywood special effects designer and stunt man
Penance II,65,45,70,65,85,65,Robert Baldwin,good,Male,-, 183 cm, 89 kg,Blue,Blond,Government operative; former adventurer  reality TV star  student  television show intern  engineering intern  lab worker
Professor Zoom,100,10,100,20,85,20,Eobard Thawne,bad,Male,Human, 180 cm, 81 kg,Blue,Strawberry Blond,-
Quake,90,40,50,45,85,90,Daisy Louise Johnson,good,Female,Human-Inhuman, 163 cm, 52 kg,Brown,Black,-
Quicksilver,85,30,100,60,85,60,Pietro Django Maximoff,good,Male,Mutant, 183 cm, 79 kg,Blue,Silver,(current) Adventurer  (former) Terrorist  officer of the Inhumans militia  United States government operative
Raven,80,10,30,70,85,40,Rachel Roth,neutral,Female,Human, 165 cm, 50 kg,Indigo,Black,Adventurer  high school student
Razor-Fist II,70,85,80,80,85,100,Douglas Scott,bad,Male,-, 191 cm, 117 kg,Blue,No Hair,Mercenary  assassin  bodyguard  enforcer
Red Hulk,80,100,50,85,85,75,Thaddeus E. Ross,neutral,Male,Human / Radiation, 213 cm, 630 kg,Yellow,Black,Lieutenant general in US Air Force
Sylar,90,10,15,25,85,85,Gabriel Gray,bad,Male,-, 0 cm, 0 kg,-,-,Timepiece restorer
T-850,90,80,25,90,85,75,Cyberdyne Systems Series 850 Terminator,bad,Male,Cyborg, 0 cm, 198 kg,Red,-,Assassin
Toxin,80,75,70,85,85,70,Patrick Mulligan,good,Male,Symbiote, 188 cm, 97 kg,Blue,Brown,Police officer
Utgard-Loki,80,80,25,85,85,65,-,bad,Male,Frost Giant, 15.2 meters, 58 tons,Blue,White,Monarch
Violator,55,65,25,80,85,30,-,bad,Male,-, 0 cm, 0 kg,-,-,-
Warp,75,10,25,30,85,50,Emil LaSalle,bad,Male,-, 173 cm, 67 kg,Brown,Black,-
Beast Boy,80,30,50,70,80,40,Garfield Mark Logan,good,Male,Human, 173 cm, 68 kg,Green,Green,Adventurer  Struggling Actor
Black Manta,90,30,50,60,80,85,-,bad,Male,Human, 188 cm, 92 kg,Black,No Hair,-
Blink,80,10,20,30,80,65,Clarice Ferguson,good,Female,Mutant, 165 cm, 56 kg,Green,Magenta,Adventurer  freedom fighter
Bloodhawk,80,10,50,80,80,65,Lemuel Krug,good,Male,Mutant, 0 cm, 0 kg,Black,No Hair,-
Captain Epic,85,85,75,85,80,85,-,good,Male,-, 188 cm, 0 kg,Blue,Brown,Superhero
Cerebra,85,70,70,80,80,90,Shakti Haddad,good,Female,Mutant, 0 cm, 0 kg,-,-,-
Cheetah III,95,100,90,80,80,95,Barbara Ann Minerva,bad,Female,Human, 175 cm, 54 kg,Brown,Brown,Archaeologist  Anthropologist
Cogliostro,70,65,60,80,80,60,Cain,bad,Male,-, 0 cm, 0 kg,-,-,-
Crimson Dynamo,85,70,60,75,80,65,Anton Vanko,good,Male,-, 180 cm, 104 kg,Brown,No Hair,Scientist
Cyclops,90,10,25,45,80,80,Scott Summers,good,Male,Mutant, 191 cm, 88 kg,Brown,Brown,Leader of mutant race  adventurer  headmaster  former student  radio announcer
Darkstar,75,10,35,45,80,65,Laynia Petrovna,good,Female,Mutant, 168 cm, 56 kg,Brown,Blond,Occupation unknown
Doctor Doom II,95,75,55,75,80,70,Kristoff Vernard,bad,Male,-, 201 cm, 132 kg,Brown,Brown,-
Genesis,80,75,75,70,80,65,Tyler Dayspring,good,Male,-, 185 cm, 86 kg,Blue,Blond,Former would-be world conqueror  arms dealer  soldier  freedom fighter
Gladiator,80,100,100,100,80,70,Kallark,neutral,Male,Strontian, 198 cm, 268 kg,Blue,Blue,Majestor of the Shi'ar Empire; Former Praetor of the Imperial Guard; possibly former Herald of Galactus
Guardian,90,65,65,75,80,75,Dr. James McDonald Hudson,good,Male,Human, 0 cm, 0 kg,Brown,Black,Engineer  government agent  adventurer
Hawkwoman II,75,85,90,75,80,85,Sharon Parker,good,Female,-, 0 cm, 0 kg,-,-,-
Hawkwoman III,75,80,85,85,80,90,Shayera Thal,good,Female,-, 170 cm, 65 kg,Blue,Red,Police Officer
Hollow,85,80,80,80,80,80,Monet St. Croix,good,Female,-, 170 cm, 0 kg,Blue,Red,-
Jack of Hearts,85,55,100,30,80,30,Jonathan Hart,good,Male,Human, 155 cm, 79 kg,Blue / White,Brown,Adventurer
Kid Flash II,70,45,100,65,80,65,Bartholomew Allen II,good,Male,-, 0 cm, 0 kg,-,-,-
Lizard,80,55,60,70,80,60,Curtis Connors,bad,Male,Human, 203 cm, 230 kg,Red,No Hair,Research biologist
Mimic,85,70,50,60,80,45,Calvin Montgomery Rankin,good,Male,-, 188 cm, 101 kg,Brown,Brown,-
MODOK,100,20,25,25,80,15,-,bad,Male,Cyborg, 366 cm, 338 kg,White,Brownn,Would-be conqueror  AIM leader  terrorist; former AIM agent  technician
Nightcrawler,80,10,50,15,80,80,Kurt Wagner,good,Male,-, 175 cm, 88 kg,Yellow,Indigo,Adventurer  Teacher
Rogue,90,10,15,30,80,80,Anna Marie,good,Female,-, 173 cm, 54 kg,Green,Brown / White,Adventurer  former mechanic  waitress  terrorist
Shadow Lass,85,10,70,20,80,80,-,good,Female,Talokite, 173 cm, 54 kg,Black,Black,-
Shocker,85,10,25,70,80,60,Herman Schultz,bad,Male,Human, 175 cm, 79 kg,Brown,Brown,Professional thief  hired assassin
Violet Parr,80,10,15,50,80,15,Violet Parr,good,Female,Human, 137 cm, 41 kg,Violet,Black,-
Wildfire,80,35,25,100,80,45,Drake Burroughs,good,Male,-, 0 cm, 0 kg,-,-,-
Agent Zero,90,30,40,80,75,95,Christoph Nord,good,Male,-, 191 cm, 104 kg,-,-,Mercenary  former government operative  freedom fighter
Animal Man,80,50,50,85,75,80,Bernhard Baker,good,Male,Human, 183 cm, 83 kg,Blue,Blond,-
Arachne,80,50,50,70,75,70,Julia Carpenter,good,Female,Human, 175 cm, 63 kg,Blue,Blond,Adventurer  fugitive  former government agent
Aurora,85,10,100,60,75,60,Jeanne-Marie Beaubier,good,Female,Mutant, 180 cm, 63 kg,Blue,Black,Adventurer; former terrorist  nun  history/geography teacher
Beetle,70,60,65,65,75,65,-,bad,Male,-, 0 cm, 0 kg,-,-,-
Clea,70,40,45,40,75,35,Clea,good,-,-, 0 cm, 0 kg,-,White,Former ruler and Sorceress Supreme of the Dark Dimension; former apprentice of Doctor Strange
Cyborg,90,55,45,85,75,65,Victor Stone,good,Male,Cyborg, 198 cm, 173 kg,Brown,Black,Adventurer  Teen Titan
Darkhawk,80,35,35,70,75,65,Christopher Powell,good,Male,Human, 185 cm, 81 kg,Brown,Brown,Retired Superhero
Ego,95,80,85,100,75,30,Ego,bad,-,-, 0 cm, 0 kg,-,-,Inapplicable
Fin Fang Foom,80,85,25,100,75,70,-,good,Male,Kakarantharaian, 975 cm, 18 tons,Red,No Hair,-
Firestar,80,10,55,55,75,35,Angelica Jones,good,Female,Mutant, 173 cm, 56 kg,Green,Red,Student
Havok,85,10,25,60,75,45,Alexander Summers,good,Male,Mutant, 183 cm, 79 kg,Blue,Blond,Currently Adventurer  formerly Graduate student in geophysics
Hellboy,85,55,25,95,75,75,Anung Un Rama,good,Male,Demon, 259 cm, 158 kg,Gold,Black,-
He-Man,90,100,75,90,75,85,-,good,Male,Human, 0 cm, 0 kg,-,-,-
Impulse,80,10,100,60,75,60,Bartholomew Allen II,good,Male,Human, 170 cm, 65 kg,Yellow,Auburn,Adventurer  Student
Ink,75,30,20,40,75,50,Eric Gitter,good,Male,Mutant, 180 cm, 81 kg,Blue,No Hair,-
Jennifer Kale,90,10,35,45,75,75,Jennifer Kale,good,Female,-, 168 cm, 55 kg,Blue,Blond,Sorceress  student
Lady Bullseye,90,75,80,80,75,100,-,bad,Female,-, 0 cm, 0 kg,-,Black,-
Liz Sherman,55,35,30,45,75,50,Elizabeth Anne Sherman,good,Female,-, 0 cm, 0 kg,-,-,-
Longshot,80,10,30,10,75,70,-,good,Male,Human, 188 cm, 36 kg,Blue,Blond,freedom fighter  stuntman rebel  adventurer
Moonstone,80,70,50,55,75,80,Dr. Karla Sofen,bad,Female,-, 180 cm, 59 kg,Blue,Blond,former Adventurer  Psychiatrist
Morlun,85,60,35,45,75,60,Morlun,bad,Male,-, 188 cm, 79 kg,White / Red,Black,-
Namor,85,95,60,70,75,85,Namor McKenzie,good,Male,Atlantean, 188 cm, 125 kg,Grey,Black,King of Atlantis  Adventurer; former warrior  commando  CEO
Silk,90,50,75,70,75,65,-,good,Female,Human, 0 cm, 0 kg,Brown,Black,Vigilante  intern at Fact Channel News  adventurer; former student
Spider-Man,100,55,70,75,75,95,Peter Benjamin Parker,good,Male,Human, 178 cm, 74 kg,Hazel,Brown,Freelance photographer  teacher
Synch,90,70,25,30,75,60,Everett Thomas,good,Male,-, 180 cm, 74 kg,Brown,Black,Student
T-800,90,35,20,60,75,65,Cyberdyne Systems Series 800 Terminator Model 101,bad,Male,Cyborg, 0 cm, 176 kg,Red,-,Assassin
Valkyrie,75,85,75,85,75,95,Brunnhilde,good,Female,-, 191 cm, 214 kg,Blue,Blond,Chooser of the Slain  Adventurer
Venom III,85,75,35,90,75,60,MacDonald Gargan,bad,Male,Symbiote, 229 cm, 334 kg,Brown,Brown,Government operative; former professional criminal  private eye
Warlock,95,40,80,95,75,95,Adam Warlock,good,Male,-, 188 cm, 108 kg,Red,Blond,Avenger  savior of worlds
Anti-Spawn,75,60,55,65,70,65,Jason Wynn,bad,Male,-, 0 cm, 0 kg,-,-,-
Birdman,90,55,70,70,70,70,Ray Randal,good,Male,God / Eternal, 0 cm, 0 kg,-,-,-
Black Lightning,80,15,55,30,70,75,Jefferson Pierce,good,Male,-, 185 cm, 90 kg,Brown,No Hair,Crime Fighter  High School teacher  Former gold-medal-winning Olympic Decathlete  formerly Secretary of Education under Presidents Pete Ross and Lex Luthor.
Black Widow II,90,60,80,75,70,95,Yelena Belova,good,Female,-, 170 cm, 61 kg,Blue,Blond,-
Blackwulf,80,30,10,30,70,25,Lucian,-,Male,Alien, 188 cm, 88 kg,Red,White,Freedom Fighter
Bloodwraith,65,75,65,70,70,90,Sean Dolan,bad,Male,-, 30.5 meters, 0 kg,White,No Hair,Former squire
Boba Fett,85,10,40,40,70,70,-,bad,Male,Human / Clone, 183 cm, 0 kg,Brown,Black,Bounty Hunter
Demogoblin,80,50,45,35,70,60,-,bad,Male,Demon, 185 cm, 95 kg,Red,No Hair,Demonic Redeemer
Doppelganger,50,65,60,95,70,85,-,bad,Male,-, 196 cm, 104 kg,White,No Hair,-
Electro,85,10,50,60,70,65,Maxwell Dillon,bad,Male,Human, 180 cm, 74 kg,Blue,Auburn,Professional criminal
Fixer,90,70,70,75,70,65,Paul Norbert Ebersol,bad,-,-, 0 cm, 0 kg,Red,No Hair,Criminal inventor
Flash,85,10,100,50,70,35,Jason Peter Garrick,good,Male,Human, 180 cm, 81 kg,Blue,Brown / White,Research Scientist  part-time Director of Garrick Laboratories
Gravity,80,35,35,40,70,30,Greg Willis,good,Male,Human, 178 cm, 79 kg,Blue,Brown,Student
Hydro-Man,75,15,25,80,70,50,Morris Bench,bad,Male,-, 188 cm, 119 kg,Brown,Brown,Professional Criminal; former crewman of cargo ship
Jubilee,80,10,25,20,70,90,Jubilation Lee,good,Female,Mutant, 165 cm, 52 kg,Red,Black,Student  Adventurer
Lex Luthor,100,55,25,65,70,70,Alexander 'Lex' Joseph Luthor,bad,Male,Human, 188 cm, 95 kg,Green,No Hair,Owner of LexCorp
Light Lass,75,10,35,30,70,45,Ayla Ranzz,good,Female,-, 165 cm, 54 kg,Blue,Red,-
Lightning Lord,75,10,25,45,70,45,Mekt Ranzz,bad,Male,-, 191 cm, 95 kg,Blue,Red,-
Magog,80,50,25,65,70,75,David Reid,good,Male,-, 0 cm, 0 kg,Blue,Blond,-
Master Chief,90,75,35,80,70,100,John-117,good,Male,Human / Altered, 213 cm, 0 kg,Brown,Brown,Master Chief Petty Officer of the Navy
Moloch,75,40,35,40,70,45,Edgar William Jacobi,bad,Male,-, 0 cm, 0 kg,-,-,-
Morph,65,50,40,65,70,50,Kevin Sydney,good,Male,-, 178 cm, 79 kg,White,No Hair,Adventurer  reality traveler
Mr Immortal,80,10,10,100,70,30,-,good,Male,Mutant, 188 cm, 70 kg,Blue,Blond,-
Nina Theroux,85,5,10,10,70,20,-,good,Female,Alpha, 0 cm, 0 kg,-,-,-
Omega Red,70,70,50,85,70,90,Arkady Gregorivich,bad,Male,-, 211 cm, 191 kg,Red,Blond,Crimelord; former mercenary  KGB agent
One Punch Man,65,100,95,100,70,65,-,good,Male,Human, 175 cm, 69 kg,-,No Hair,Superhero  Sensei
Savage Dragon,85,70,55,85,70,75,Kurr,good,Male,-, 0 cm, 0 kg,-,-,-
Shadowcat,95,10,25,25,70,70,Katherine Pryde,good,Female,Mutant, 168 cm, 50 kg,Hazel,Brown,Teacher  Adventurer  former student
Skaar,80,85,30,90,70,85,-,good,Male,-, 198 cm, 180 kg,Green,Black,Warrior
Snowbird,80,35,30,45,70,55,Narya,good,Female,-, 178 cm, 49 kg,White,Blond,Goddess  adventurer  former records officer
Spider-Carnage,65,75,70,75,70,75,Benjamin Reilly,bad,Male,Symbiote, 0 cm, 0 kg,-,-,-
Spider-Gwen,90,55,65,70,70,70,Gwendolyne Stacy,good,Female,Human, 165 cm, 56 kg,Blue,Blond,-
Spider-Man,85,65,75,70,70,75,-,good,-,Human, 178 cm, 77 kg,Red,Brown,CEO of Alchemax Corporation  Executive Assistant
Spider-Man,65,65,70,65,70,70,-,good,Male,Human, 157 cm, 56 kg,Brown,Black,Student  adventurer  vigilante
Spider-Woman,80,45,45,60,70,70,Jessica Drew,good,Female,Human, 178 cm, 59 kg,Green,Black,Form agent of HYDRA  former bounty hunter  private investigator  adventurer
Tempest,75,10,45,30,70,60,Angel Salvadore Bohusk,good,Female,-, 163 cm, 54 kg,Brown,Black,-
Toad,80,35,60,60,70,30,Mortimer Toynbee,neutral,Male,Mutant, 175 cm, 76 kg,Black,Brown,Former criminal
Abomination,85,80,55,90,65,95,Emil Blonsky,bad,Male,Human / Radiation, 203 cm, 441 kg,Green,No Hair,Ex-Spy
Ando Masahashi,35,25,30,60,65,30,Ando Masahashi,good,Male,-, 0 cm, 0 kg,-,-,Yamagato Industries computer programmer
Arsenal,80,55,60,60,65,85,Roy William Harper  Jr.,good,Male,Human, 0 cm, 0 kg,-,-,-
Banshee,80,10,60,40,65,70,Sean Cassidy,good,Male,Human, 183 cm, 77 kg,Green,Strawberry Blond,Currently founder and director of operation for X-Corps  formerly Adventurer and Headmaster at the Massachusetts Academy  in charge of Generation X  Interpol Inspector and Agent  freelance detective  professional criminal  involuntary operative for Factor
Batgirl III,80,65,70,70,65,90,Helena Rosa Bertinelli,good,Female,-, 0 cm, 0 kg,-,-,-
Batman,95,40,30,55,65,90,Terrence McGinnis,good,Male,Human, 178 cm, 77 kg,Blue,Black,-
Changeling,85,10,25,45,65,65,Kevin Sidney,bad,Male,-, 180 cm, 81 kg,Brown,Black,Former substitute teacher  adventurer  subversive
Crystal,85,20,15,15,65,60,Crystallia Amaquelin Maximoff,good,Female,Inhuman, 168 cm, 50 kg,Green,Red,Mother  adventuress
Daredevil,90,15,35,35,65,100,Matthew Michael Murdock,good,Male,Human, 183 cm, 90 kg,Blue,Red,Adventurer  vigilante  Attorney at Law
Elle Bishop,80,10,15,45,65,45,-,bad,Female,-, 0 cm, 0 kg,Blue,Blond,Agent of the Company
Goblin Queen,90,10,25,30,65,60,Madelyne Jennifer Pryor,bad,Female,-, 168 cm, 50 kg,Green,Red,-
Green Goblin IV,90,90,85,80,65,75,Phillip Benjamin Urich,good,Male,-, 178 cm, 79 kg,Green,Brown,College student  former vigilante  intern at Daily Bugle
Hobgoblin,65,60,60,60,65,60,Roderick Kingsley,bad,Male,-, 180 cm, 83 kg,Blue,Grey,Fashion designer
Klaw,85,40,35,100,65,60,Ulysses Klaw,bad,Male,Human, 188 cm, 97 kg,Red,No Hair,Criminal  former Scientist
Leech,65,5,15,15,65,15,-,good,Male,-, 0 cm, 0 kg,-,-,Survivor  former student
Meltdown,75,10,15,45,65,65,Tabitha Smith,good,Female,-, 165 cm, 54 kg,Blue,Blond,Adventurer  former student  thief
Mystique,90,15,25,65,65,75,Raven Darkholme,bad,Female,Mutant, 178 cm, 54 kg,Yellow (without irises),Red / Orange,Special operative for Germany and the United States governments  (former) German Freedom Fighter  special operative in the Weapon X Project Team
Northstar,80,20,85,60,65,70,Jean-Paul Beaubier,good,Male,-, 180 cm, 83 kg,Blue,Black,Former terrorist  adventurer  teacher  businessman  novelist  professional skier  trapeze artist  thief
Osiris,90,85,60,95,65,45,Amon Tomaz,good,Male,-, 0 cm, 0 kg,Brown,Brown,-
Plantman,85,60,25,55,65,25,-,bad,Male,Mutant, 183 cm, 87 kg,Green,Grey,Professional Criminal  formerly Gardner
Steel,95,85,55,90,65,65,John Henry Irons,good,Male,Human, 201 cm, 131 kg,Brown,No Hair,Weapons designer  former steelworker
Taskmaster,90,15,50,20,65,100,-,bad,Male,Human, 188 cm, 99 kg,Brown,Brown,Sheriff  Assassin  Mercenary; formerly Military Trainer  Combat Instructor  Head of Initiative training camp
Vanisher,85,10,75,60,65,45,-,bad,Male,-, 165 cm, 79 kg,Green,No Hair,Professional criminal  former subversive
Vixen,80,40,50,50,65,25,Mari Jiwe McCabe,good,Female,Human, 175 cm, 63 kg,Amber,Black,Former Model
White Queen,80,45,45,70,65,45,Emma Grace Frost,good,Female,-, 178 cm, 65 kg,Blue,Blond,Co-Headmistress of Xavier Institute  Chairperson of the Board and Chief Executive of Frost International
Wonder Man,90,100,55,90,65,65,Simon Williams,good,Male,-, 188 cm, 171 kg,Red,Black,Former industrialist  now stuntman  actor  adventurer
Alien,80,30,45,90,60,60,Xenomorph,bad,Male,Xenomorph XX121, 244 cm, 169 kg,-,No Hair,-
Angel Salvadore,75,10,30,30,60,60,Angel Salvadore Bohusk,good,Female,-, 163 cm, 54 kg,Brown,Black,-
Annihilus,90,80,50,60,60,65,Annihilus,bad,Male,-, 180 cm, 90 kg,Green,No Hair,Conqueror  scavenger
Atom IV,85,55,55,55,60,65,Ryan Choi,good,Male,-, 0 cm, 72 kg,Brown,Black,Professor of nuclear physics at Ivy University
Blue Beetle II,85,45,55,65,60,80,Theodore Kord,good,Male,-, 183 cm, 86 kg,Blue,Brown,Inventor  President of Kord Omniversal  Crimefighter
Boom-Boom,75,10,15,45,60,65,Tabitha Smith,good,Female,Mutant, 165 cm, 55 kg,Blue,Blond,Adventurer  former student  thief
Brainiac,100,95,65,90,60,75,Vril Dox,bad,Male,Android, 198 cm, 135 kg,Green,No Hair,-
Brainiac 5,100,10,25,30,60,35,Querl Dox,good,Male,-, 170 cm, 61 kg,Green,Blond,-
Captain America,85,20,40,55,60,100,Steven Grant Rogers,good,Male,Human, 188 cm, 108 kg,blue,blond,Adventurer  federal official  intelligence operative; former soldier  Hydra agent  liaison between S.H.I.E.L.D. and the Avengers  police officer  teacher  sparring partner.
Chamber,80,10,20,80,60,65,Jonothon Evan Starsmore,good,Male,Mutant, 175 cm, 63 kg,Brown,Brown,Adventurer
Daphne Powell,75,10,10,10,60,10,Daphne Powell,good,Female,-, 0 cm, 0 kg,-,-,Student
Data,100,35,25,40,60,50,-,good,Male,Android, 0 cm, 0 kg,Yellow,Brown,Lieutenant commander
Donatello,95,15,50,60,60,75,-,good,Male,Mutant, 0 cm, 0 kg,Green,No Hair,-
Elektra,85,15,30,30,60,100,Elektra Natchios,good,Female,Human, 175 cm, 59 kg,Blue,Black,Assassin  adventurer  mercenary  former student  dancer
Howard the Duck,75,55,55,70,60,75,Howard (Last name unrevealed),good,Male,-, 79 cm, 18 kg,Brown,Yellow,Many and various  including former candidate for the United States presidency but usually unemployed
Iron Monger,95,65,25,90,60,60,Obadiah Stane,bad,Male,-, 0 cm, 2 tons,Blue,No Hair,CEO Stane International
Killer Frost,95,10,15,35,60,30,-,bad,Female,Human, 0 cm, 0 kg,Blue,Blond,Scientist
Leader,100,10,15,15,60,45,Samuel Sterns,bad,Male,-, 178 cm, 63 kg,Green,No Hair,-
Leonardo,90,20,50,65,60,80,-,good,Male,Mutant, 0 cm, 0 kg,Blue,No Hair,Ninja
Lightning Lad,75,10,25,30,60,45,Garth Ranzz,good,Male,-, 155 cm, 65 kg,Blue,Red,Legionnaire
Mach-IV,90,40,60,85,60,60,Abner Jenkins,bad,Male,-, 180 cm, 79 kg,Brown,Brown,Adventurer; former master mechanic  professional criminal  mercenary
Matt Parkman,85,10,15,15,60,60,Matthew Parkman,good,Male,-, 0 cm, 0 kg,-,-,NYPD detective
Maverick,85,10,15,45,60,85,Christopher Bradley,good,Male,-, 193 cm, 110 kg,Blue,Black,Mercenary; former adventurer  student
Maya Herrera,80,10,15,15,60,15,Maya Herrera,good,Female,-, 0 cm, 0 kg,-,-,-
Micah Sanders,85,10,15,15,60,15,Micah Sanders,good,Male,-, 0 cm, 0 kg,Brown,Black,Elementary school student
Michelangelo,85,15,50,65,60,75,-,good,Male,Mutant, 0 cm, 0 kg,Blue,-,-
Plastique,80,10,25,30,60,45,Bette Sans Souci,bad,Female,-, 168 cm, 55 kg,Blue,Red,Government Agent  former Terrorist  Mercenary
Raphael,85,20,50,65,60,80,-,good,Male,Mutant, 0 cm, 0 kg,-,No Hair,-
Spider-Woman III,80,50,30,45,60,30,Martha Franklin,good,Female,-, 173 cm, 55 kg,Brown,Brown,-
Spock,95,20,20,40,60,40,-,good,Male,Human-Vulcan, 185 cm, 81 kg,Brown,Black,-
Starfire,80,80,35,85,60,70,Koriand'r,good,Female,Tamaranean, 193 cm, 71 kg,Green,Auburn,Model
Vindicator,85,65,55,65,60,70,Heather McNeil Hudson,good,Female,Human, 165 cm, 54 kg,Green,Red,former secretary  researcher
Winter Soldier,80,35,35,65,60,85,James Buchanan Barnes,good,Male,Human, 175 cm, 117 kg,Brown,Brown,"Adventurer; former SHIELD operative  Assassin (See Note under ""Winter Soldier"" article)  Army Mascot  Student"
Ant-Man II,90,20,20,40,55,30,Scott Lang,good,Male,Human, 183 cm, 86 kg,Blue,Blond,Electronics Technician 
Arclight,75,65,25,45,55,70,Philippa Sontag,bad,Female,-, 173 cm, 57 kg,Violet,Purple,Terrorist
Armor,80,65,15,80,55,55,Hisako Ichiki,good,Female,-, 163 cm, 50 kg,Black,Black,Adventurer  student
Bane,95,40,25,60,55,95,-,bad,Male,Human, 203 cm, 180 kg,-,-,-
Black Canary,85,10,35,20,55,80,Dinah Laurel Lance,good,Female,Metahuman, 170 cm, 59 kg,Blue,Blond,Detective/Crime-fighter  Chairperson of the Justice League of America; former florist  judo instructor
Bling!,85,15,15,90,55,30,Roxanne Washington,good,Female,-, 168 cm, 68 kg,-,-,-
Callisto,85,55,25,45,55,85,Callisto,bad,Female,-, 175 cm, 74 kg,Blue,Black,-
Cameron Hicks,80,10,25,30,55,70,-,good,Male,Alpha, 0 cm, 0 kg,-,-,-
Copycat,80,10,25,25,55,60,Vanessa Carlysle,neutral,Female,Mutant, 183 cm, 67 kg,Red,White,-
Dagger,85,10,35,45,55,70,Tandy Bowen,good,Female,-, 165 cm, 52 kg,Blue,Blond,Vigilante
Deadshot,80,10,25,30,55,80,Floyd Lawton,bad,Male,Human, 185 cm, 91 kg,Brown,Brown,-
Doctor Octopus,100,50,35,40,55,65,Otto Octavius,bad,Male,Human, 175 cm, 110 kg,Brown,Brown,Former atomic-research consultant  criminal mastermind
Elastigirl,85,35,35,95,55,70,Helen Parr,good,Female,Human, 168 cm, 56 kg,Brown,Brown,-
Firelord,75,65,75,90,55,30,Pyreus Kril,good,-,-, 193 cm, 99 kg,White,Yellow,Former starship captain  former herald of Galactus
Gambit,85,10,25,30,55,85,Remy Etienne LeBeau,good,Male,Mutant, 185 cm, 81 kg,Red,Brown,Jean Grey School for Higher Learning  Salem Center  Westchester County  New York; formerly Utopia  San Francisco Bay  California; Xavier Institute  Salem Center  Westchester County  New York; New Orleans; Paris; Cairo; Illinois
Gamora,90,85,45,85,55,100,Gamora Zen Whoberi Ben Titan,good,Female,Zen-Whoberian, 183 cm, 77 kg,Yellow,Black,Assassin  mercenary  adventurer
Gary Bell,85,5,10,10,55,10,Gary Bell,good,Male,Alpha, 0 cm, 0 kg,-,-,-
Giant-Man,95,85,40,65,55,45,Henry Jonathan Pym,good,Male,Human, 0 cm, 0 kg,-,-,-
Harley Quinn,95,15,35,65,55,80,Harleen Francis Quinzel,bad,Female,Human, 170 cm, 63 kg,Blue,Blond,Psychiatrist
John Constantine,85,10,10,40,55,65,John Constantine,good,Male,Human, 183 cm, 0 kg,Blue,Blond,-
Judge Dredd,90,20,40,50,55,95,Joseph Dredd,good,Male,Human, 188 cm, 0 kg,-,-,Mega-City Judge
Justice,80,10,35,70,55,30,Vance Astrovik,good,Male,Human, 178 cm, 81 kg,Hazel,Brown,Adventurer
Jyn Erso,70,40,50,50,55,85,-,good,Female,Human, 0 cm, 0 kg,Green,Brown,-
Killer Croc,65,55,35,90,55,60,Waylon Jones,bad,Male,Metahuman, 244 cm, 356 kg,Red,No Hair,-
Luna,75,10,85,15,55,15,Luna Maximoff,good,Female,Human, 0 cm, 0 kg,-,-,-
Machine Man,85,35,35,85,55,65,X-51  Aaron Stack,good,-,-, 183 cm, 383 kg,Red,Black,Insurance Investigator
Molten Man,80,75,25,85,55,60,Mark Raxton,bad,Male,-, 196 cm, 248 kg,Gold,Gold,Security guard for Osborn industries  former criminal  lab assistant
Moses Magnum,90,30,15,45,55,60,Moses Magnum,bad,Male,-, 175 cm, 72 kg,Brown,Black,Terrorist  president of Magnum Munitions; former ruler of Canaan
Parademon,55,30,20,50,55,25,-,bad,-,Parademon, 0 cm, 0 kg,-,-,-
Phantom Girl,75,10,25,30,55,45,Tinya Wazzo,good,Female,-, 168 cm, 54 kg,Blue,Black,-
Pyro,75,10,15,15,55,30,St. John Allerdyce,bad,Male,-, 178 cm, 68 kg,Blue,Blond,Former government agent  terrorist  bodyguard  novelist  journalist
Rachel Pirzad,85,5,10,10,55,10,-,good,Female,Alpha, 0 cm, 0 kg,-,-,-
Robocop,90,35,15,80,55,50,Alexander James Murphy,good,Male,Cyborg, 188 cm, 0 kg,-,-,-
Songbird,90,40,30,45,55,60,Melissa Joan Gold,good,Female,-, 165 cm, 65 kg,Green,Red / White,Adventurer; former criminal and wrestler
Spider-Girl,85,40,60,65,55,75,May 'Mayday' Parker,good,Female,Human, 170 cm, 54 kg,Blue,Brown,-
Tiger Shark,75,75,50,70,55,30,Todd Arliss,bad,Male,Human, 185 cm, 203 kg,Grey,No Hair,-
Venom II,80,60,50,70,55,60,Angelo Fortunato,bad,Male,-, 175 cm, 50 kg,Brown,Black,-
X-23,90,25,45,100,55,95,Laura Kinney,good,Female,Mutant / Clone, 155 cm, 50 kg,Green,Black,Adventurer  Student  former; Assassin  Prostitute
Batgirl IV,85,15,30,60,50,100,Cassandra Cain,good,Female,Human, 165 cm, 52 kg,Green,Black,-
Batman,100,20,30,50,50,100,Bruce Wayne,good,Male,Human, 188 cm, 95 kg,blue,black,Businessman
Battlestar,80,55,35,75,50,75,Lemar Hoskins,good,Male,-, 198 cm, 133 kg,Brown,Black,Former wrestler  federal operative
Blizzard II,75,10,30,45,50,60,Donald Gill,bad,Male,-, 175 cm, 77 kg,Brown,Brown,Adventurer; former mercenary and professional criminal
Buffy,85,30,45,70,50,60,Buffy Anne Summers,good,Female,Human, 157 cm, 52 kg,Green,Blond,Slayer ; (formerly) Waitress ; DoubleMeat Palace employee ; Sunnydale High Counselor
Bumblebee,85,30,25,10,50,35,Karen Beecher-Duncan,good,Female,Human, 170 cm, 59 kg,Brown,Black,-
Chameleon,95,10,20,30,50,30,Dmitri Anatoly Nikolayevich Smerdyakov,bad,Male,Human, 0 cm, 0 kg,-,-,-
Cypher,75,35,40,35,50,35,Douglas Aaron Ramsey,good,-,-, 175 cm, 68 kg,Blue,Blond,Student  Adventurer
Deathstroke,90,30,35,100,50,90,Slade Joseph Wilson,neutral,Male,Human, 193 cm, 101 kg,Blue,White,Mercenary; Former Soldier  Big-Game Hunter
DL Hawkins,80,15,15,60,50,60,Daniel Lawrence Hawkins,good,Male,-, 0 cm, 0 kg,-,-,Construction worker  Firefighter
Domino,85,10,30,30,50,75,Neena Thurman,good,Female,Human, 173 cm, 54 kg,Blue,Black,-
Drax the Destroyer,80,80,25,85,50,65,Arthur Sampson Douglas,good,Male,Human / Altered, 193 cm, 306 kg,Red,No Hair,-
Green Goblin,100,50,40,60,50,50,Norman Virgil Osborn,bad,Male,Human, 180 cm, 83 kg,Blue,Auburn,Professional criminal  owner and president of Osborn Industries
Hellcat,85,15,35,45,50,70,Patricia Walker,good,Female,Human, 173 cm, 61 kg,Blue,Red,Housemaker  model  adventurer  supernatural investigator
Husk,85,65,35,80,50,65,Paige Elisabeth Guthrie,good,Female,Mutant, 170 cm, 58 kg,Blue,Blond,Adventurer; formerly student  activist
Isis,90,50,75,50,50,60,Adrianna Tomaz,good,Female,-, 0 cm, 0 kg,-,-,Adventurer  formerly First Lady of Kahndaq  former slave
Karate Kid,85,65,70,20,50,100,-,good,Male,Human, 173 cm, 72 kg,Brown,Brown,-
King Kong,80,100,75,75,50,75,-,good,Male,Animal, 30.5 meters, 9 000 tons,Yellow,Black,-
Lady Deathstrike,85,30,45,85,50,90,Yuriko Oyama,bad,Female,Cyborg, 175 cm, 58 kg,Brown,Black,-
Mockingbird,90,35,40,20,50,95,Barbara Morse,good,Female,Human, 175 cm, 61 kg,Blue,Blond,Adventurer; former counter-terrorist agent  private investigator  government operative  S.H.I.E.L.D. agent  biologist
Monica Dawson,80,10,35,15,50,90,Monica Dawson,good,Female,-, 0 cm, 0 kg,-,-,Fast food service
Namora,80,85,45,45,50,65,Aquaria Nautica Neptunia,good,Female,-, 180 cm, 85 kg,Blue,Blond,-
Nite Owl II,85,45,40,40,50,80,Daniel Dreiberg,good,Male,-, 0 cm, 0 kg,-,-,-
Ozymandias,100,20,35,20,50,95,Adrian Alexander Veidt,bad,Male,Human, 0 cm, 0 kg,Blue,Blond,-
Power Man,50,80,40,90,50,80,-,good,Male,Mutant, 0 cm, 0 kg,-,-,-
Sabretooth,80,50,40,90,50,100,Victor Creed,bad,Male,Mutant, 198 cm, 171 kg,Amber,Blond,mercenary  professional criminal  assassin  serial killer
Scarecrow,95,10,15,15,50,50,Jonathan Crane,bad,Male,Human, 183 cm, 63 kg,Blue,Brown,Special Professional Criminal
Scarlet Spider,90,55,60,75,50,60,Benjamin Reilly,good,Male,Human, 178 cm, 74 kg,Blue,Blond,Crime-fighter
Scorpion,80,55,60,85,50,80,MacDonald Gargan,bad,Male,Human, 211 cm, 310 kg,Brown,Brown,U.S. government agent; former professional criminal  assassin  private detective
Shatterstar,85,50,45,65,50,85,Gaveedra Seven,good,Male,-, 191 cm, 88 kg,Brown,Red,Warrior
Silk Spectre II,85,50,70,55,50,90,Laurie Juspeczyk,good,Female,-, 0 cm, 0 kg,-,-,-
Siryn,75,10,50,30,50,45,Theresa Rourke Cassidy,bad,Female,-, 168 cm, 52 kg,Blue,Strawberry Blond,(current) Adventurer (former) Professional Criminal
Spyke,80,15,20,60,50,30,Evan Daniels,good,Male,Mutant, 183 cm, 83 kg,Brown,Blond,-
White Canary,85,10,35,15,50,90,-,bad,Female,Human, 0 cm, 0 kg,Brown,Black,-
Agent 13,80,40,45,50,45,85,Sharon Carter,good,Female,-, 173 cm, 61 kg,Blue,Blond,Agent of SHIELD
Batgirl,70,45,50,40,45,70,Mary Elizabeth Kane,good,Female,-, 0 cm, 0 kg,-,-,Crime-fighter
Beast,100,50,40,60,45,85,Henry Philip McCoy,good,Male,Mutant, 180 cm, 181 kg,Blue,Blue,Biochemist  formerly Xavier Institute for Higher Learning science and math Instructor  mutant activist  college lecturer  researcher  professional wrestler
Black Canary,85,10,35,15,45,80,Dinah Drake Lance,good,Female,Human, 165 cm, 58 kg,Blue,Blond,Florist  former private investigator
Black Knight III,85,10,10,70,45,70,Dane Whitman,good,Male,Human, 183 cm, 86 kg,Brown,Brown,Adventurer  scientist; former crusader
Black Panther,95,20,30,60,45,100,T'Challa,good,Male,Human, 183 cm, 90 kg,Brown,Black,King and Chieftain of Wakanda  scientist; former school teacher
Blackout,85,35,45,80,45,65,-,bad,Male,Demon, 191 cm, 104 kg,Red,White,Assassin  enforcer
Colossus,85,85,35,100,45,80,Piotr Nikolaievitch Rasputin,good,Male,Mutant, 226 cm, 225 kg,Silver,Black,(current) Adventurer  student  (former) Artist
Corsair,70,35,45,35,45,75,Christopher Summers,good,Male,-, 191 cm, 79 kg,Brown,Brown,Pirate  former pilot
Diamondback,75,20,25,30,45,60,Willis Stryker,bad,Male,Human, 193 cm, 90 kg,Brown,Black,Criminal
Elongated Man,90,10,35,90,45,40,Ralph Dibny,good,Male,-, 185 cm, 80 kg,Blue,Red,Detective
Green Goblin II,90,55,40,50,45,30,Harold Osborn,bad,Male,-, 178 cm, 77 kg,Blue,Auburn,-
Han Solo,80,10,20,20,45,60,Han Solo,good,Male,Human, 183 cm, 79 kg,Brown,Brown,-
Hawk,75,40,35,95,45,45,Henry Hall,good,Male,-, 185 cm, 89 kg,Red,Brown,-
Jigsaw,60,45,45,60,45,85,Billy Russo,bad,Male,-, 188 cm, 113 kg,Blue,Black,Professional mobster
Joker,100,10,15,60,45,70,Jack Napier,bad,Male,Human, 196 cm, 86 kg,Green,Green,-
Kraven II,80,35,25,30,45,85,Alyosha Kravinoff,bad,Male,Human, 191 cm, 99 kg,Brown,Black,-
Luke Cage,80,65,30,95,45,70,Luke Cage,good,Male,Human, 198 cm, 191 kg,Brown,Black,Adventurer  bar owner  bodyguard  mercenary; formerly theater owner  private investigator  various odd jobs
Man-Wolf,85,45,35,45,45,70,John Jameson,good,Male,-, 188 cm, 90 kg,Brown,Auburn,Employed by Dept. of Social Services  Queens; former astronaut  test pilot  security chief for Ravenscroft Institute
Micro Lad,75,30,30,30,45,35,Gim Allon,good,Male,-, 183 cm, 77 kg,Grey,Brown,-
Nebula,85,55,15,50,45,60,-,bad,Female,Luphomoid, 185 cm, 83 kg,Blue,No Hair,-
Negasonic Teenage Warhead,80,10,10,10,45,35,-,good,Female,Mutant, 0 cm, 0 kg,Black,Black,-
Penguin,95,10,15,35,45,45,Oswald Chesterfield Cobblepot,bad,Male,Human, 157 cm, 79 kg,Blue,Black,Trader
Punisher,85,20,25,45,45,100,Francis Castiglione,good,Male,Human, 183 cm, 90 kg,Blue,Black,Former United States Marine turned professional vigilante
Shriek,80,10,25,30,45,45,Frances Louise Barrison,good,Female,-, 173 cm, 52 kg,Yellow / Blue,Black,Former partner of Carnage  Carrion (Malcolm McBride)  Demogoblin and Doppelganger). Before she became Shriek  she was a rock band groupie and drug dealer.
Thunderstrike,85,80,70,85,45,75,Eric Kevin Masterson,good,Male,-, 198 cm, 288 kg,Blue,Blond,(as Thunderstrike) Adventurer  crimefighter  (as Masterson) Architect
Triplicate Girl,85,10,25,45,45,45,Luornu Durgo,good,Female,-, 168 cm, 59 kg,Purple,Brown,-
Adam Strange,85,10,35,40,40,50,Adam Strange,good,Male,Human, 185 cm, 88 kg,Blue,Blond,Adventurer  archaelogist  ambassador
Aquababy,60,20,15,15,40,15,Arthur Curry  Jr.,good,Male,-, 0 cm, 0 kg,Blue,Blond,-
Atom Girl,75,10,25,30,40,45,Salu Digby,good,Female,-, 168 cm, 54 kg,Black,Black,-
Atom II,95,10,35,45,40,60,Raymond Palmer,good,Male,Human, 183 cm, 81 kg,Brown,Auburn,Physics Professor
Batman II,95,15,35,30,40,100,Richard John Grayson,good,Male,Human, 178 cm, 79 kg,Blue,Black,-
Black Widow,90,15,35,30,40,100,Natalia Alianovna Romanova,good,Female,Human, 170 cm, 59 kg,Green,Auburn,Adventurer  Intelligence agent  former ballerina
Blade,85,30,40,50,40,90,Eric Brooks,good,Male,Vampire, 188 cm, 97 kg,Brown,Black,Vampire hunter  former private investigator.
Cheetah II,75,20,45,20,40,60,Deborah Domaine,bad,Female,Human, 170 cm, 55 kg,Green,Brown,-
Chewbacca,80,40,25,50,40,65,-,good,Male,Wookiee, 226 cm, 111 kg,Blue,Brown,-
Deathlok,85,35,30,70,40,60,Luther Manning,good,Male,Cyborg, 193 cm, 178 kg,Brown,Grey,-
Doc Samson,90,80,35,80,40,70,Leonard Samson,good,Male,Human / Radiation, 198 cm, 171 kg,Blue,Green,Psychiatrist  teacher  adventurer  former special consultant to Gamma Base
Frenzy,85,55,35,100,40,55,Joanna Cargill,bad,Female,-, 211 cm, 104 kg,Brown,Black,Mercenary
Gog,80,35,50,75,40,60,-,bad,Male,-, 0 cm, 0 kg,-,-,-
Green Arrow,95,15,35,30,40,90,Oliver Jonas Queen,good,Male,Human, 188 cm, 88 kg,Green,Blond,Professional Crime-fighter; Multi-Billionaire
Medusa,90,35,35,70,40,60,Medusalith Amaquelin Boltagon,good,Female,Inhuman, 180 cm, 59 kg,Green,Red,Queen  Royal interpreter
Mister Freeze,90,35,15,70,40,30,Victor Fries,bad,Male,Human, 183 cm, 86 kg,-,-,-
Namorita,80,75,50,70,40,70,Namorita Prentiss,good,Female,-, 168 cm, 101 kg,Blue,Blond,Superhero  formerly Leader of Atlantis
Nightwing,95,15,35,30,40,100,Richard John Grayson,good,Male,Human, 178 cm, 79 kg,Blue,Black,Vigilante and detective  former police officer  former Circus Acrobat
Niki Sanders,85,55,35,30,40,60,Nicole Sanders,good,Female,-, 0 cm, 0 kg,Blue,Blond,Former casino worker and online webcam operator; currently an agent of the Company
Rhino,65,80,45,90,40,85,Aleksei Mikhailovich Sytsevich,bad,Male,Human / Radiation, 196 cm, 320 kg,Brown,Brown,Professional Criminal  Henchman of the Russian Mafia
Scarlet Spider II,95,55,60,40,40,60,Kaine Parker,good,Male,Clone, 193 cm, 113 kg,Brown,Brown,Fugitive
Sebastian Shaw,85,85,15,95,40,60,Sebastian Hiram Shaw,bad,Male,Mutant, 0 cm, 0 kg,-,-,-
She-Hulk,95,100,45,100,40,70,Jennifer Walters,good,Female,Human, 201 cm, 315 kg,Green,Green,Lawyer  Magistra of the Living Tribunal
Swarm,90,20,50,90,40,35,Fritz von Meyer,bad,Male,Mutant, 196 cm, 47 kg,Yellow,No Hair,Ph.D. in toxicology & entomology
Thing,90,85,25,100,40,80,Benjamin Jacob Grimm,good,Male,Human / Radiation, 183 cm, 225 kg,Blue,No Hair,Adventurer  former Air Force test pilot
Wonder Girl,90,90,25,80,40,60,Cassandra Elizabeth Sandsmark,good,Female,Demi-God, 165 cm, 51 kg,Blue,Blond,-
Ajax,80,50,35,80,35,55,Francis,bad,Male,Cyborg, 193 cm, 90 kg,Brown,Black,-
Alex Woolsly,55,35,40,45,35,40,Alex Woolsly,good,Male,-, 0 cm, 0 kg,-,-,Employee at Sam's Comics
Ant-Man,100,20,25,30,35,35,Henry Jonathan Pym,good,Male,Human, 211 cm, 122 kg,Blue,Blond,Adventurer  Biochemist  former manager of Avengers Compound
Archangel,85,15,60,65,35,45,Warren Kenneth Worthington III,good,Male,Mutant, 183 cm, 68 kg,Blue,Blond,Adventurer  Chairman & principal stockholder of Worthington Industries  Multi-Millionaire  Heir  former terrorist
Azrael,85,20,20,20,35,80,Michael Washington Lane,good,Male,Human, 0 cm, 0 kg,Brown,Black,Former Police Officer  vigilante
Batgirl,95,15,35,40,35,90,Barbara Gordon,good,Female,Human, 170 cm, 57 kg,Green,Red,-
Brundlefly,85,35,25,40,35,15,Sethaniel Brundle,neutral,Male,Mutant, 193 cm, 0 kg,-,-,Scientist
Captain Britain,90,80,50,60,35,80,Brian Braddock,good,Male,Human, 198 cm, 116 kg,Blue,Blond,Adventurer  formerly King of Otherworld  scientist
Captain Marvel II,90,85,30,90,35,60,Frederick Christopher Freeman,good,Male,Human, 175 cm, 74 kg,Blue,Black,Adventurer
Cheetah,75,10,45,20,35,70,Priscilla Rich,bad,Female,Human, 163 cm, 50 kg,Green,Blond,-
Giganta,95,90,25,85,35,45,Doris Zuel,bad,Female,-, 62.5 meters, 630 kg,Green,Red,Criminal  former Scientist  Professor at Ivy University
Greedo,75,10,15,15,35,40,-,bad,Male,Rodian, 170 cm, 0 kg,Purple,-,Bounty Hunter
Huntress,85,10,25,30,35,95,Helena Rosa Bertinelli,good,Female,-, 180 cm, 59 kg,Blue,Black,Vigilante; High school English teacher
Jolt,85,15,30,35,35,45,Helen Takahama,good,Female,-, 165 cm, 49 kg,Blue,Black,Adventurer
Living Brain,90,55,35,60,35,30,-,bad,-,-, 198 cm, 360 kg,Yellow,-,Robot
Man-Bat,75,20,50,70,35,30,Robert Kirkland Langstrom,neutral,Male,Human, 0 cm, 0 kg,Brown,Brown,Zoologist
Mister Fantastic,100,10,20,70,35,65,Reed Richards,good,Male,Human / Radiation, 185 cm, 81 kg,Brown,Brown,Scientist  adventurer
Red Hood,90,15,25,30,35,95,Jason Peter Todd,neutral,Male,Human, 183 cm, 81 kg,Blue,Black,Mercenary  Vigilante
Robin,95,15,30,30,35,85,Richard John Grayson,good,Male,Human, 178 cm, 79 kg,Blue,Black,-
Scorpia,75,30,45,30,35,30,Elaine Coll,bad,Female,-, 0 cm, 0 kg,Green,Red,Professional criminal
Silverclaw,80,30,35,45,35,45,Maria de Guadalupe Santiago,good,Female,-, 157 cm, 50 kg,Brown,Black,University student  adventurer
Tigra,85,35,55,40,35,90,Greer Grant Nelson,good,Female,-, 178 cm, 81 kg,Green,Auburn,Laboratory assistant  model  adventurer  NYC police
Triton,80,65,50,65,35,55,-,good,Male,Inhuman, 188 cm, 86 kg,Green,No Hair,-
Ultragirl,80,80,35,70,35,80,Tsu-Zana,good,Female,-, 168 cm, 105 kg,Blue,Blond,Model
Yellowjacket II,80,10,35,30,35,30,Rita DeMara,good,Female,Human, 165 cm, 52 kg,Blue,Strawberry Blond,Adventurer; former criminal  electronics engineer
Angel,85,15,50,65,30,45,Warren Kenneth Worthington III,good,Male,-, 183 cm, 68 kg,Blue,Blond,Adventurer  chairman & principal stockholder of Worthington Industries  former terrorist
Atlas,85,100,45,100,30,80,-,bad,Male,God / Eternal, 198 cm, 126 kg,Blue,Brown,-
Bananaman,60,50,35,80,30,30,-,good,Male,Human, 0 cm, 0 kg,-,-,-
Batwoman V,95,10,30,25,30,80,Katherine Rebecca Kane,good,Female,Human, 178 cm, 0 kg,Green,Red,-
Bi-Beast,95,100,60,75,30,55,-,good,Male,Android, 229 cm, 158 kg,Black,None,-
Bill Harken,85,40,35,60,30,40,-,good,Male,Alpha, 0 cm, 0 kg,-,-,-
Blob,60,85,25,95,30,75,Frederick J. Dukes,bad,Male,-, 178 cm, 230 kg,Brown,Brown,Former criminal  terrorist  government agent  carnival performer
Captain Cold,80,10,20,20,30,20,Leonard Snart,neutral,Male,Human, 0 cm, 0 kg,Brown,Brown,Professional Criminal
Catwoman,85,15,35,30,30,85,Selina Kyle,good,Female,Human, 175 cm, 61 kg,Green,Black,Thief
Cottonmouth,80,10,10,10,30,25,Burchell Clemens,bad,Male,Human, 183 cm, 99 kg,Brown,Black,Professional criminal
Feral,75,30,45,30,30,70,Maria Callasantos,good,-,-, 175 cm, 50 kg,Yellow (without irises),Orange / White,Formerly Adventurer  Terrorist
Hawkeye,80,15,25,10,30,80,Clinton Francis Barton,good,Male,Human, 191 cm, 104 kg,Blue,Blond,Adventurer
Heat Wave,75,10,20,45,30,30,Mick Rory,bad,Male,Human, 180 cm, 81 kg,Blue,No Hair,Professional Criminal
Hit-Girl,80,10,30,20,30,65,Mindy McCready,good,Female,Human, 0 cm, 0 kg,-,-,-
James T. Kirk,85,15,20,30,30,75,James Tiberius Kirk,good,Male,Human, 178 cm, 77 kg,Hazel,Brown,Captain
Jean-Luc Picard,90,10,20,30,30,65,-,good,Male,Human, 0 cm, 0 kg,-,-,Commanding officer USS Enterprise (NCC-1701-E)
Mister Zsasz,100,25,35,30,30,95,Victor Zsasz,bad,Male,Human, 173 cm, 68 kg,Blue,Blond,Serial Killer
Moon Knight,80,40,25,45,30,75,Marc Spector,good,Male,Human, 188 cm, 101 kg,Brown,Brown,Adventurer  entrepreneur; former prize fighter  spy  soldier  mercenary  cab driver
Mr Incredible,80,85,35,95,30,40,Robert Parr,good,Male,Human, 201 cm, 158 kg,Blue,Blond,-
Multiple Man,85,15,25,70,30,65,James Arthur,good,Male,-, 180 cm, 70 kg,Blue,Brown,Private investigator (formerly) Farmer  Adventurer
Phantom,70,35,35,35,30,80,Christopher Walker,good,Male,-, 0 cm, 0 kg,-,-,-
Ra's Al Ghul,100,30,35,45,30,100,Ra's Al Ghul,bad,Male,Human, 193 cm, 97 kg,Green,Grey,Eco Terrorist  Businessman  Cult Leader
Red Robin,95,15,30,35,30,80,Timothy Jackson Drake,good,Male,Human, 165 cm, 56 kg,Blue,Black,-
Robin II,90,15,30,30,30,85,Jason Peter Todd,good,Male,Human, 183 cm, 101 kg,Blue,Red,-
Robin III,95,15,30,30,30,85,Timothy Jackson Drake,good,Male,Human, 165 cm, 56 kg,Blue,Black,High School Student
Robin V,85,10,35,20,30,65,Damian Wayne,good,Male,Human, 137 cm, 38 kg,Blue,Black,-
Rocket Raccoon,80,5,25,30,30,65,Rocket Raccoon,good,Male,Animal, 122 cm, 25 kg,Brown,Brown,Law enforcement officer  security guard  member of the Guardians of the Galaxy
Sage,90,10,15,15,30,60,Tessa,good,Female,-, 170 cm, 61 kg,Blue,Black,Former Soldier
Shang-Chi,85,15,30,50,30,100,Shang-Chi,good,Male,Human, 178 cm, 79 kg,Brown,Black,-
Speedy,80,10,35,20,30,70,Thea Dearden Queen,good,Female,Human, 0 cm, 0 kg,Green,Brown,Nightclub Owner
Thundra,75,85,35,65,30,55,Thundra,good,Female,-, 218 cm, 158 kg,Green,Red,Ruler  warrior
Vulture,90,25,45,25,30,30,Adrian Toomes,bad,Male,Human, 180 cm, 79 kg,Brown,No Hair,Professional criminal; formerly electronics engineer
Warpath,75,75,50,70,30,85,James Proudstar,good,Male,Mutant, 218 cm, 158 kg,Brown,Black,Adventurer
Wasp,85,20,60,55,30,45,Janet Van Dyne,good,Female,Human, 163 cm, 50 kg,Blue,Auburn,Adventurer  fashion designer  independently wealthy socialite
Wolfsbane,75,20,35,45,30,45,Rahne Sinclair,good,Female,-, 366 cm, 473 kg,Green,Auburn,Teacher
3-D Man,80,35,45,35,25,55,Charles Chandler,good,Male,-, 188 cm, 90 kg,Brown,Grey,Test pilot  adventurer
A-Bomb,75,100,20,80,25,65,Richard Milhouse Jones,good,Male,Human, 203 cm, 441 kg,Yellow,No Hair,Musician  adventurer  author; formerly talk show host
Ammo,35,45,35,35,25,70,-,bad,Male,Human, 188 cm, 101 kg,Brown,Black,Gang leader   criminal   former soldier
Bantam,65,55,25,55,25,60,Roberto Velasquez,good,Male,-, 165 cm, 54 kg,Brown,Black,Adventurer  boxing trainer  former boxer
Batgirl VI,90,10,25,30,25,80,Stephanie Brown,good,Female,-, 168 cm, 61 kg,Blue,Blond,College student at Gotham University
Big Daddy,75,10,15,35,25,65,Damon Macready,good,Male,-, 0 cm, 0 kg,-,-,-
Bird-Brain,65,10,35,30,25,45,-,good,-,-, 0 cm, 0 kg,-,-,-
Black Cat,90,20,35,10,25,70,Felicia Hardy,good,Female,Human, 178 cm, 54 kg,Green,Blond,Cat burglar; Private investigator  founder of Cat's Eye Investigations.
Citizen Steel,80,95,35,100,25,60,Nathaniel Heywood,good,Male,Human, 183 cm, 170 kg,Green,Red,Adventurer  former Professional Football Player
Falcon,75,15,50,30,25,65,Samuel Thomas Wilson,good,Male,Human, 188 cm, 108 kg,Brown,Black,Crimefighter  (former) freelance artist
Forge,85,10,15,30,25,50,-,good,-,-, 183 cm, 81 kg,Brown,Black,Inventor working for the U.S. government  former soldier
Hawkeye II,80,10,10,10,25,50,Katherine Elizabeth Bishop,good,Female,Human, 165 cm, 57 kg,Blue,Black,Student; Adventurer; Fugitive
James Bond (Craig),95,15,20,35,25,90,James Bond,good,Male,Human, 183 cm, 0 kg,blue,Blond,00 Agent
Jar Jar Binks,60,10,35,10,25,15,-,good,Male,Gungan, 193 cm, 0 kg,Yellow,-,-
Jim Powell,75,40,25,80,25,20,Jim Powell,good,Male,-, 0 cm, 0 kg,-,-,Police Sketch Artist
Kathryn Janeway,90,10,25,25,25,50,Kathryn M. Janeway,good,Female,Human, 0 cm, 0 kg,-,-,Fleet Commander
Katniss Everdeen,80,10,25,25,25,55,-,good,Female,Human, 0 cm, 0 kg,-,-,-
Kick-Ass,75,10,25,35,25,60,Dave Lizewski,good,Male,Human, 0 cm, 0 kg,Blue,Blond,Student
Kraven the Hunter,85,35,35,45,25,85,Sergei Kravinoff,bad,Male,Human, 183 cm, 106 kg,Brown,Black,Professional game hunter  mercenary
Nick Fury,90,15,25,45,25,100,Nicholas Joseph Fury,good,Male,Human, 185 cm, 99 kg,Brown,Brown / White,S.H.I.E.L.D. director; former S.H.I.E.L.D. agent  intelligence agent  soldier and commando leader  parachuting instructor  stunt flyer
Proto-Goblin,85,40,25,50,25,30,Nels Van Adder,bad,Male,-, 0 cm, 0 kg,Green,Blond,Scientist
Quill,75,10,15,15,25,15,Maxwell Jordan,good,Male,-, 163 cm, 56 kg,Brown,Brown,-
Red Arrow,85,20,25,20,25,80,Roy William Harper  Jr.,good,Male,Human, 180 cm, 83 kg,Green,Red,Adventurer; intelligence agent; musician
Rorschach,90,10,30,20,25,80,Walter Joseph Kovacs,good,Male,Human, 168 cm, 63 kg,Blue,Red,Vigilante  former garment worker
She-Thing,85,75,25,80,25,65,Sharon Ventura,good,Female,Human / Radiation, 183 cm, 153 kg,Blue,No Hair,Prisoner  former adventurer  wrestler  stuntwoman  scuba diver  motorcycle performer
Star-Lord,85,20,35,50,25,70,Peter Jason Quill,good,Male,Human-Spartoi, 188 cm, 79 kg,Blue,Blond,Adventurer; Royal Prince of Spartax
Stephanie Powell,85,10,55,10,25,10,Stephanie Powell,good,Female,-, 0 cm, 0 kg,-,Blond,Executive Vice President of Research at Global Tech
Angel Dust,75,55,25,45,20,30,Christina,good,Female,Mutant, 165 cm, 57 kg,Yellow,Black,-
Big Man,90,15,25,30,20,70,Frederick Foswell,bad,Male,-, 165 cm, 71 kg,Blue,Brown,Reporter  professional criminal
Bionic Woman,80,40,35,40,20,40,Jamie Wells Sommers,good,Female,Cyborg, 0 cm, 0 kg,Blue,Black,-
Blackwing,75,10,35,35,20,60,Joseph Manfredi,bad,Male,-, 185 cm, 86 kg,Blue,Black,-
Bullseye,80,15,25,70,20,70,Lester,bad,Male,Human, 183 cm, 90 kg,blue,blond,Assassin  professional criminal  former mercenary
Bushido,75,10,10,10,20,70,Ryuko Orsono,good,Male,Human, 0 cm, 0 kg,-,-,-
Darkman,95,15,25,60,20,30,Peyton Westlake,good,Male,Human, 0 cm, 0 kg,-,-,Scientist
Dash,65,15,95,60,20,30,Dashiell Robert Parr,good,Male,Human, 122 cm, 27 kg,Blue,Blond,-
Indiana Jones,85,10,20,30,20,30,Henry Walton Jones Jr.,good,Male,Human, 183 cm, 79 kg,-,-,Archaeologist
Jessica Jones,80,45,50,70,20,55,Jessica Campbell Jones Cage,good,Female,Human, 170 cm, 56 kg,Brown,Brown,"Special Consultant to ""The Pulse""  a Daily Bugle supplement; formerly private investigator  adventurer  short-time vigilante"
Kid Flash,65,5,95,45,20,30,Wallace Rudolph West,good,Male,Human, 0 cm, 0 kg,Green,Red,-
Oracle,90,15,25,30,20,80,Barbara Gordon,good,Female,Human, 178 cm, 59 kg,Blue,Red,Computer hacker and Coordinator of the Birds of Prey; Former student; former librarian; former vigilante
Question,95,15,30,35,20,80,Charles Victor Szasz,good,Male,Human, 188 cm, 83 kg,Blue,Blond,Former Television Investigative Journalist
Red Mist,65,10,25,15,20,60,Chris Genovese,bad,Male,-, 0 cm, 0 kg,-,-,-
Red Skull,90,10,15,15,20,80,Johann Shmidt,bad,Male,-, 188 cm, 108 kg,Blue,No Hair,-
Rick Flag,95,15,25,30,20,95,Richard Rogers Flag,bad,Male,-, 185 cm, 85 kg,Blue,Brown,Government Agent  Covert Ops field Commander
Robin VI,80,10,25,20,20,70,Carrie Kelley,neutral,Female,Human, 0 cm, 0 kg,Green,Red,-
Sobek,80,35,25,50,20,60,Yurrd the Unknown,good,Male,-, 0 cm, 0 kg,White,No Hair,-
Box IV,80,75,25,30,15,60,Madison Jeffries,good,-,-, 0 cm, 0 kg,Brown,Brown / Black,Inventor  former soldier
JJ Powell,95,10,10,10,15,10,JJ Powell,good,Male,-, 0 cm, 0 kg,-,-,Student
Kingpin,90,20,25,40,15,70,Wilson Grant Fisk,bad,Male,Human, 201 cm, 203 kg,Blue,No Hair,Criminal organizer and mastermind  president and owner of legitimate businesses
Mister Knife,90,10,20,30,15,65,-,bad,Male,Spartoi, 0 cm, 0 kg,Blue,Brown,Crimelord; former emperor  prince
Ms Marvel II,75,65,25,85,15,60,Sharon Ventura,good,Female,-, 173 cm, 61 kg,Blue,Red,Wanderer  former adventurer  wrestler  stunt woman  scuba diver  motorcycle performer
Ronin,80,15,25,10,15,80,Clinton Francis Barton,good,Male,Human, 191 cm, 104 kg,Blue,Blond,Outlaw adventurer  revolutionary; former professional super hero  fugitive  unnoficial S.H.I.E.L.D. operative  federal inmate  CTE security chief  ranch hand  archery tutor  carnival performer  roustabout  butcher shop worker
Sasquatch,90,80,25,60,15,45,Walter Langkowski,good,Male,-, 305 cm, 900 kg,Red,Orange,Adventurer  bio-physicist  government operative; former college lecturer  professional football player
The Comedian,85,15,20,10,15,80,Edward Morgen Blake,neutral,Male,Human, 188 cm, 101 kg,Brown,Black,Former Adventurer; Government Agent
Thunderbird,80,35,30,35,15,70,John Proudstar,good,Male,-, 185 cm, 101 kg,Brown,Black,Former adventurer  student  Marine
Walrus,80,30,10,50,15,20,Hubert Carpent,bad,Male,Human, 183 cm, 162 kg,Blue,Black,Cab driver
Yellowjacket,95,10,15,30,15,15,Henry Jonathan Pym,good,Male,Human, 183 cm, 83 kg,Blue,Blond,Adventurer  Biochemist  former manager of Avengers Compound
Alfred Pennyworth,85,10,20,10,10,55,Alfred Thaddeus Crane Pennyworth,good,Male,Human, 178 cm, 72 kg,Blue,Black,Butler; Caretaker  former Actor; Field Medic; Government Agent
Captain Hindsight,65,10,85,30,10,20,Jack Brolin,good,Male,Human, 0 cm, 0 kg,-,Black,Former Superhero; News Reporter
Clock King,90,10,20,10,10,40,William Tockman,bad,Male,Human, 178 cm, 78 kg,Blue,Black,-
Paul Blart,50,15,25,50,10,5,-,good,Male,Human, 170 cm, 117 kg,-,-,-
Riddler,100,10,15,15,10,15,Edward Nigma,bad,Male,-, 0 cm, 0 kg,-,-,-
Tinkerer,100,10,25,15,10,15,Phineas Mason,bad,Male,-, 163 cm, 54 kg,Brown,White,Inventor and technician serving the underworld
Two-Face,95,10,15,15,10,30,Harvey Dent,bad,Male,-, 183 cm, 82 kg,-,-,Reformed criminal; former district attorney
Agent Bob,60,10,15,5,5,20,Bob,good,Male,Human, 178 cm, 81 kg,Brown,Brown,Mercenary  janitor; former pirate  terrorist
Stormtrooper,60,10,10,15,5,20,-,bad,Male,Human, 183 cm, 0 kg,-,-,-
Wyatt Wingfoot,60,10,15,5,5,60,Wyatt Wingfoot,good,Male,-, 196 cm, 117 kg,Brown,Black,Occasional adventurer
Franklin Storm,75,10,5,5,0,10,Dr. Franklin Storm,good,-,-, 188 cm, 92 kg,Blue,Grey,Surgeon
